routeId,source,originHarbourId,destinationHarbourId,originHarbourName,originProvince,origin,destination,destinationProvince,shipClassId,shipClass
classic-3-2-1,ferizy.com,3,2,Bakauheni,Lampung,Bakauheni,Merak,Banten,1,Reguler
classic-3-2-2,ferizy.com,3,2,Bakauheni,Lampung,Bakauheni,Merak,Banten,2,Express
classic-4-5-1,ferizy.com,4,5,Gilimanuk,Bali,Gilimanuk,Ketapang,Jawa Timur,1,Reguler
classic-5-4-1,ferizy.com,5,4,Ketapang,Jawa Timur,Ketapang,Gilimanuk,Bali,1,Reguler
classic-2-3-1,ferizy.com,2,3,Merak,Banten,Merak,Bakauheni,Lampung,1,Reguler
classic-2-3-2,ferizy.com,2,3,Merak,Banten,Merak,Bakauheni,Lampung,2,Express
5488,trip.ferizy.com,175,,Aimere,Nusa Tenggara Timur,Aimere,Kupang,Nusa Tenggara Timur,,
5439,trip.ferizy.com,175,,Aimere,Nusa Tenggara Timur,Aimere,Waingapu,Nusa Tenggara Timur,,
5510,trip.ferizy.com,348,,Ajibata,Sumatera Utara,Ajibata,Ambarita,Sumatera Utara,,
5511,trip.ferizy.com,349,,Ambarita,Sumatera Utara,Ambarita,Ajibata,Sumatera Utara,,
203202,trip.ferizy.com,203,,Bajoe,Sulawesi Selatan,Bajoe,Kolaka,Sulawesi Tenggara,,
1516,trip.ferizy.com,14,,Balohan,Aceh,Balohan,Ulee Lheue,Aceh,,
58,trip.ferizy.com,106,,Bastiong,Maluku Utara,Bastiong,Babang,Maluku Utara,,
42,trip.ferizy.com,106,,Bastiong,Maluku Utara,Bastiong,Batang Dua,Maluku Utara,,
106521,trip.ferizy.com,106,,Bastiong,Maluku Utara,Bastiong,Bitung,Sulawesi Utara,,
106113,trip.ferizy.com,106,,Bastiong,Maluku Utara,Bastiong,Kayoa,Maluku Utara,,
46,trip.ferizy.com,106,,Bastiong,Maluku Utara,Bastiong,Makian,Maluku Utara,,
40,trip.ferizy.com,106,,Bastiong,Maluku Utara,Bastiong,Moti,Maluku Utara,,
33,trip.ferizy.com,106,,Bastiong,Maluku Utara,Bastiong,Rum,Maluku Utara,,
36,trip.ferizy.com,106,,Bastiong,Maluku Utara,Bastiong,Sidangole,Maluku Utara,,
38,trip.ferizy.com,106,,Bastiong,Maluku Utara,Bastiong,Sofifi,Maluku Utara,,
83313,trip.ferizy.com,83,,Batulicin,Kalimantan Selatan,Batulicin,Garongkong,Sulawesi Selatan,,
8384,trip.ferizy.com,83,,Batulicin,Kalimantan Selatan,Batulicin,Tanjung Serdang,Kalimantan Selatan,,
208211,trip.ferizy.com,208,,Baubau,Sulawesi Tenggara,Baubau,Waara,Sulawesi Tenggara,,
18,trip.ferizy.com,10,,Bawean,Jawa Timur,Bawean,Gresik,Jawa Timur,,
21,trip.ferizy.com,10,,Bawean,Jawa Timur,Bawean,Paciran,Jawa Timur,,
296284,trip.ferizy.com,296,,Biak,Papua,Biak,Manokwari,Papua Barat,,
296300,trip.ferizy.com,296,,Biak,Papua,Biak,Nabire,Papua Tengah,,
120,trip.ferizy.com,239,,Bira,Sulawesi Selatan,Bira,Pamatata,Sulawesi Selatan,,
91,trip.ferizy.com,105,,Bitung,Sulawesi Utara,Bitung,Melonguane,Sulawesi Utara,,
93,trip.ferizy.com,105,,Bitung,Sulawesi Utara,Bitung,Ternate,Maluku Utara,,
96,trip.ferizy.com,105,,Bitung,Sulawesi Utara,Bitung,Tobelo,Maluku Utara,,
429427,trip.ferizy.com,429,,Dwikora Pontianak,Kalimantan Barat,Dwikora Pontianak,Patimban,Jawa Barat,,
5486,trip.ferizy.com,88,,Galala,Maluku,Galala,Namlea,Maluku,,
31383,trip.ferizy.com,313,,Garongkong,Sulawesi Selatan,Garongkong,Batulicin,Kalimantan Selatan,,
228225,trip.ferizy.com,228,,Gorontalo,Gorontalo,Gorontalo,Ampana,Sulawesi Tengah,,
228234,trip.ferizy.com,228,,Gorontalo,Gorontalo,Gorontalo,Pagimana,Sulawesi Tengah,,
228229,trip.ferizy.com,228,,Gorontalo,Gorontalo,Gorontalo,Wakai,Sulawesi Tengah,,
19,trip.ferizy.com,11,,Gresik,Jawa Timur,Gresik,Bawean,Jawa Timur,,
4140,trip.ferizy.com,41,,Gunungsitoli,Sumatera Utara,Gunungsitoli,Sibolga,Sumatera Utara,,
5484,trip.ferizy.com,94,,Hunimua,Maluku,Hunimua,Waipirit,Maluku,,
5641002,trip.ferizy.com,564,,Jangkar,Jawa Timur,Jangkar,Kalianget,Jawa Timur,,
5641003,trip.ferizy.com,564,,Jangkar,Jawa Timur,Jangkar,Kangean,Jawa Timur,,
564565,trip.ferizy.com,564,,Jangkar,Jawa Timur,Jangkar,Lembar,Nusa Tenggara Barat,,
5641005,trip.ferizy.com,564,,Jangkar,Jawa Timur,Jangkar,Raas,Jawa Timur,,
5641004,trip.ferizy.com,564,,Jangkar,Jawa Timur,Jangkar,Sapudi,Jawa Timur,,
3002,trip.ferizy.com,3,,Jepara,Jawa Tengah,Jepara,Karimun Jawa,Jawa Tengah,,
5417,trip.ferizy.com,174,,Kalabahi,Nusa Tenggara Timur,Kalabahi,Adonara,Nusa Tenggara Timur,,
5471,trip.ferizy.com,174,,Kalabahi,Nusa Tenggara Timur,Kalabahi,Bakalang,Nusa Tenggara Timur,,
5438,trip.ferizy.com,174,,Kalabahi,Nusa Tenggara Timur,Kalabahi,Baranusa,Nusa Tenggara Timur,,
5409,trip.ferizy.com,174,,Kalabahi,Nusa Tenggara Timur,Kalabahi,Kupang,Nusa Tenggara Timur,,
5426,trip.ferizy.com,174,,Kalabahi,Nusa Tenggara Timur,Kalabahi,Larantuka,Nusa Tenggara Timur,,
5437,trip.ferizy.com,174,,Kalabahi,Nusa Tenggara Timur,Kalabahi,Lewoleba,Nusa Tenggara Timur,,
174191,trip.ferizy.com,174,,Kalabahi,Nusa Tenggara Timur,Kalabahi,Naikliu,Nusa Tenggara Timur,,
174531,trip.ferizy.com,174,,Kalabahi,Nusa Tenggara Timur,Kalabahi,Pura,Nusa Tenggara Timur,,
5436,trip.ferizy.com,174,,Kalabahi,Nusa Tenggara Timur,Kalabahi,Solor,Nusa Tenggara Timur,,
5418,trip.ferizy.com,174,,Kalabahi,Nusa Tenggara Timur,Kalabahi,Teluk Gurita,Nusa Tenggara Timur,,
441440,trip.ferizy.com,441,,Kalianget,Jawa Timur,Kalianget,Jangkar,Jawa Timur,,
441442,trip.ferizy.com,441,,Kalianget,Jawa Timur,Kalianget,Kangean,Jawa Timur,,
23,trip.ferizy.com,13,,Kamal,Jawa Timur,Kamal,Ujung,Jawa Timur,,
2003,trip.ferizy.com,2,,Karimun Jawa,Jawa Tengah,Karimun Jawa,Jepara,Jawa Tengah,,
29,trip.ferizy.com,195,,Kayangan,Nusa Tenggara Barat,Kayangan,Pototano,Nusa Tenggara Barat,,
217218,trip.ferizy.com,217,,Kendari,Sulawesi Tenggara,Kendari,Langara,Sulawesi Tenggara,,
202203,trip.ferizy.com,202,,Kolaka,Sulawesi Tenggara,Kolaka,Bajoe,Sulawesi Selatan,,
202204,trip.ferizy.com,202,,Kolaka,Sulawesi Tenggara,Kolaka,Siwa,Sulawesi Selatan,,
5369,trip.ferizy.com,171,,Kupang,Nusa Tenggara Timur,Kupang,Adonara,Nusa Tenggara Timur,,
5412,trip.ferizy.com,171,,Kupang,Nusa Tenggara Timur,Kupang,Aimere,Nusa Tenggara Timur,,
5378,trip.ferizy.com,171,,Kupang,Nusa Tenggara Timur,Kupang,Ende,Nusa Tenggara Timur,,
5422,trip.ferizy.com,171,,Kupang,Nusa Tenggara Timur,Kupang,Hansisi,Nusa Tenggara Timur,,
5408,trip.ferizy.com,171,,Kupang,Nusa Tenggara Timur,Kupang,Kalabahi,Nusa Tenggara Timur,,
1406,trip.ferizy.com,171,,Kupang,Nusa Tenggara Timur,Kupang,Larantuka,Nusa Tenggara Timur,,
5363,trip.ferizy.com,171,,Kupang,Nusa Tenggara Timur,Kupang,Lewoleba,Nusa Tenggara Timur,,
5430,trip.ferizy.com,171,,Kupang,Nusa Tenggara Timur,Kupang,Naikliu,Nusa Tenggara Timur,,
5373,trip.ferizy.com,171,,Kupang,Nusa Tenggara Timur,Kupang,Ndao,Nusa Tenggara Timur,,
5435,trip.ferizy.com,171,,Kupang,Nusa Tenggara Timur,Kupang,Raijua,Nusa Tenggara Timur,,
5355,trip.ferizy.com,171,,Kupang,Nusa Tenggara Timur,Kupang,Rote,Nusa Tenggara Timur,,
5410,trip.ferizy.com,171,,Kupang,Nusa Tenggara Timur,Kupang,Sabu,Nusa Tenggara Timur,,
5414,trip.ferizy.com,171,,Kupang,Nusa Tenggara Timur,Kupang,Waingapu,Nusa Tenggara Timur,,
199478,trip.ferizy.com,199,,Labuan Bajo,Nusa Tenggara Timur,Labuan Bajo,Bira ,Sulawesi Selatan,,
199477,trip.ferizy.com,199,,Labuan Bajo,Nusa Tenggara Timur,Labuan Bajo,Jampea ,Sulawesi Selatan,,
199559,trip.ferizy.com,199,,Labuan Bajo,Nusa Tenggara Timur,Labuan Bajo,Pulau Rinca,Nusa Tenggara Timur,,
5514,trip.ferizy.com,199,,Labuan Bajo,Nusa Tenggara Timur,Labuan Bajo,Sape,Nusa Tenggara Barat,,
199436,trip.ferizy.com,199,,Labuan Bajo,Nusa Tenggara Timur,Labuan Bajo,Waingapu,Nusa Tenggara Timur,,
218217,trip.ferizy.com,218,,Langara,Sulawesi Tenggara,Langara,Kendari,Sulawesi Tenggara,,
5431,trip.ferizy.com,173,,Larantuka,Nusa Tenggara Timur,Larantuka,Adonara,Nusa Tenggara Timur,,
5433,trip.ferizy.com,173,,Larantuka,Nusa Tenggara Timur,Larantuka,Baranusa,Nusa Tenggara Timur,,
5427,trip.ferizy.com,173,,Larantuka,Nusa Tenggara Timur,Larantuka,Kalabahi,Nusa Tenggara Timur,,
1407,trip.ferizy.com,173,,Larantuka,Nusa Tenggara Timur,Larantuka,Kupang,Nusa Tenggara Timur,,
5434,trip.ferizy.com,173,,Larantuka,Nusa Tenggara Timur,Larantuka,Lewoleba,Nusa Tenggara Timur,,
5432,trip.ferizy.com,173,,Larantuka,Nusa Tenggara Timur,Larantuka,Solor,Nusa Tenggara Timur,,
5476,trip.ferizy.com,173,,Larantuka,Nusa Tenggara Timur,Larantuka,Waiwerang,Nusa Tenggara Timur,,
198563,trip.ferizy.com,198,,Lembar,Nusa Tenggara Barat,Lembar,Jangkar,Jawa Timur,,
25,trip.ferizy.com,198,,Lembar,Nusa Tenggara Barat,Lembar,Padang Bai,Bali,,
198568,trip.ferizy.com,198,,Lembar,Nusa Tenggara Barat,Lembar,Probolinggo,Jawa Timur,,
344049,trip.ferizy.com,344,,Mamuju,Sulawesi Barat,Mamuju,Balikpapan,Kalimantan Timur,,
284296,trip.ferizy.com,284,,Manokwari,Papua Barat,Manokwari,Biak,Papua,,
5487,trip.ferizy.com,89,,Namlea,Maluku,Namlea,Galala,Maluku,,
182439,trip.ferizy.com,9,,Paciran,Jawa Timur,Paciran,Bahaur,Kalimantan Tengah,,
20,trip.ferizy.com,9,,Paciran,Jawa Timur,Paciran,Bawean,Jawa Timur,,
122,trip.ferizy.com,29,,Padang,Sumatera Barat,Padang,Tua Pejat,Sumatera Barat,,
26,trip.ferizy.com,196,,Padang Bai,Bali,Padang Bai,Lembar,Nusa Tenggara Barat,,
27,trip.ferizy.com,196,,Padang Bai,Bali,Padang Bai,Nusa Penida,Bali,,
234228,trip.ferizy.com,234,,Pagimana,Sulawesi Tengah,Pagimana,Gorontalo,Gorontalo,,
121,trip.ferizy.com,244,,Pamatata,Sulawesi Selatan,Pamatata,Bira,Sulawesi Selatan,,
5489,trip.ferizy.com,54,,Penajam,Kalimantan Timur,Penajam,Kariangau,Kalimantan Timur,,
30,trip.ferizy.com,194,,Pototano,Nusa Tenggara Barat,Pototano,Kayangan,Nusa Tenggara Barat,,
201027,trip.ferizy.com,566,,Probolinggo,Jawa Timur,Probolinggo,Lembar,Nusa Tenggara Barat,,
1023206,trip.ferizy.com,1023,,Pulau Balang Lompo,Sulawesi Selatan,Pulau Balang Lompo,Maccini Baji,,,
5425,trip.ferizy.com,172,,Rote,Nusa Tenggara Timur,Rote,Hansisi,Nusa Tenggara Timur,,
5354,trip.ferizy.com,172,,Rote,Nusa Tenggara Timur,Rote,Kupang,Nusa Tenggara Timur,,
5350,trip.ferizy.com,172,,Rote,Nusa Tenggara Timur,Rote,Ndao,Nusa Tenggara Timur,,
34,trip.ferizy.com,131,,Rum,Maluku Utara,Rum,Bastiong,Maluku Utara,,
5513,trip.ferizy.com,200,,Sape,Nusa Tenggara Barat,Sape,Labuan Bajo,Nusa Tenggara Timur,,
200201,trip.ferizy.com,200,,Sape,Nusa Tenggara Barat,Sape,Waikelo,Nusa Tenggara Timur,,
200436,trip.ferizy.com,200,,Sape,Nusa Tenggara Barat,Sape,Waingapu,Nusa Tenggara Timur,,
4041,trip.ferizy.com,40,,Sibolga,Sumatera Utara,Sibolga,Gunungsitoli,Sumatera Utara,,
35,trip.ferizy.com,107,,Sidangole,Maluku Utara,Sidangole,Bastiong,Maluku Utara,,
479541,trip.ferizy.com,479,,Soekarno-Hatta (Makassar),Sulawesi Selatan,Soekarno-Hatta (Makassar),Tanjung Perak,Jawa Timur,,
569570,trip.ferizy.com,569,,Tanjung Api Api,Sumatera Selatan,Tanjung Api Api,Tanjung Kalian,Bangka Belitung,,
3537,trip.ferizy.com,35,,Tanjung Kalian,Bangka Belitung,Tanjung Kalian,Tanjung Api Api,Sumatera Selatan,,
5411051,trip.ferizy.com,541,,Tanjung Perak,Jawa Timur,Tanjung Perak,Soekarno-Hatta (Makassar),Sulawesi Selatan,,
8483,trip.ferizy.com,84,,Tanjung Serdang,Kalimantan Selatan,Tanjung Serdang,Batulicin,Kalimantan Selatan,,
261032,trip.ferizy.com,26,,Tanjung Uban,Kepulauan Riau,Tanjung Uban,Letung,Kepulauan Riau,,
5515,trip.ferizy.com,26,,Tanjung Uban,Kepulauan Riau,Tanjung Uban,Matak,Kepulauan Riau,,
5516,trip.ferizy.com,26,,Tanjung Uban,Kepulauan Riau,Tanjung Uban,Tambelan,Kepulauan Riau,,
5505,trip.ferizy.com,26,,Tanjung Uban,Kepulauan Riau,Tanjung Uban,Telaga Punggur,Kepulauan Riau,,
55057,trip.ferizy.com,55,,Tarakan,Kalimantan Utara,Tarakan,Nunukan,Kalimantan Utara,,
55052,trip.ferizy.com,55,,Tarakan,Kalimantan Utara,Tarakan,Sebawang,Kalimantan Utara,,
55059,trip.ferizy.com,55,,Tarakan,Kalimantan Utara,Tarakan,Toli Toli,Sulawesi Tengah,,
5493,trip.ferizy.com,19,,Telaga Punggur,Kepulauan Riau,Telaga Punggur,Dabo,Kepulauan Riau,,
198014,trip.ferizy.com,19,,Telaga Punggur,Kepulauan Riau,Telaga Punggur,Kuala Tungkal,Jambi,,
5496,trip.ferizy.com,19,,Telaga Punggur,Kepulauan Riau,Telaga Punggur,Mengkapan,Riau,,
5492,trip.ferizy.com,19,,Telaga Punggur,Kepulauan Riau,Telaga Punggur,Tanjung Balai Karimun,Kepulauan Riau,,
5491,trip.ferizy.com,19,,Telaga Punggur,Kepulauan Riau,Telaga Punggur,Tanjung Uban,Kepulauan Riau,,
127,trip.ferizy.com,31,,Tua Pejat,Sumatera Barat,Tua Pejat,Padang,Sumatera Barat,,
22,trip.ferizy.com,12,,Ujung,Jawa Timur,Ujung,Kamal,Jawa Timur,,
1514,trip.ferizy.com,15,,Ulee Lheue,Aceh,Ulee Lheue,Balohan,Aceh,,
201200,trip.ferizy.com,201,,Waikelo,Nusa Tenggara Timur,Waikelo,Sape,Nusa Tenggara Barat,,
5442,trip.ferizy.com,177,,Waingapu,Nusa Tenggara Timur,Waingapu,Aimere,Nusa Tenggara Timur,,
5443,trip.ferizy.com,177,,Waingapu,Nusa Tenggara Timur,Waingapu,Ende,Nusa Tenggara Timur,,
5415,trip.ferizy.com,177,,Waingapu,Nusa Tenggara Timur,Waingapu,Kupang,Nusa Tenggara Timur,,
436199,trip.ferizy.com,436,,Waingapu,Nusa Tenggara Timur,Waingapu,Labuan Bajo,Nusa Tenggara Timur,,
177342,trip.ferizy.com,177,,Waingapu,Nusa Tenggara Timur,Waingapu,Raijua,Nusa Tenggara Timur,,
5335,trip.ferizy.com,177,,Waingapu,Nusa Tenggara Timur,Waingapu,Sabu,Nusa Tenggara Timur,,
436200,trip.ferizy.com,436,,Waingapu,Nusa Tenggara Timur,Waingapu,Sape,Nusa Tenggara Barat,,
5485,trip.ferizy.com,95,,Waipirit,Maluku,Waipirit,Hunimua,Maluku,,
