routeId,originHarbourId,originHarbourName,originProvince,origin,destination,destinationProvince
5488,175,Aimere,Nusa Tenggara Timur,Aimere,Kupang,Nusa Tenggara Timur
5439,175,Aimere,Nusa Tenggara Timur,Aimere,Waingapu,Nusa Tenggara Timur
5510,348,Ajibata,Sumatera Utara,Ajibata,Ambarita,Sumatera Utara
5511,349,Ambarita,Sumatera Utara,Ambarita,Ajibata,Sumatera Utara
203202,203,Bajoe,Sulawesi Selatan,Bajoe,Kolaka,Sulawesi Tenggara
1516,14,Balohan,Aceh,Balohan,Ulee Lheue,Aceh
58,106,Bastiong,Maluku Utara,Bastiong,Babang,Maluku Utara
42,106,Bastiong,Maluku Utara,Bastiong,Batang Dua,Maluku Utara
106521,106,Bastiong,Maluku Utara,Bastiong,Bitung,Sulawesi Utara
106113,106,Bastiong,Maluku Utara,Bastiong,Kayoa,Maluku Utara
46,106,Bastiong,Maluku Utara,Bastiong,Makian,Maluku Utara
40,106,Bastiong,Maluku Utara,Bastiong,Moti,Maluku Utara
33,106,Bastiong,Maluku Utara,Bastiong,Rum,Maluku Utara
36,106,Bastiong,Maluku Utara,Bastiong,Sidangole,Maluku Utara
38,106,Bastiong,Maluku Utara,Bastiong,Sofifi,Maluku Utara
83313,83,Batulicin,Kalimantan Selatan,Batulicin,Garongkong,Sulawesi Selatan
8384,83,Batulicin,Kalimantan Selatan,Batulicin,Tanjung Serdang,Kalimantan Selatan
208211,208,Baubau,Sulawesi Tenggara,Baubau,Waara,Sulawesi Tenggara
18,10,Bawean,Jawa Timur,Bawean,Gresik,Jawa Timur
21,10,Bawean,Jawa Timur,Bawean,Paciran,Jawa Timur
296284,296,Biak,Papua,Biak,Manokwari,Papua Barat
296300,296,Biak,Papua,Biak,Nabire,Papua Tengah
120,239,Bira,Sulawesi Selatan,Bira,Pamatata,Sulawesi Selatan
91,105,Bitung,Sulawesi Utara,Bitung,Melonguane,Sulawesi Utara
93,105,Bitung,Sulawesi Utara,Bitung,Ternate,Maluku Utara
96,105,Bitung,Sulawesi Utara,Bitung,Tobelo,Maluku Utara
429427,429,Dwikora Pontianak,Kalimantan Barat,Dwikora Pontianak,Patimban,Jawa Barat
5486,88,Galala,Maluku,Galala,Namlea,Maluku
31383,313,Garongkong,Sulawesi Selatan,Garongkong,Batulicin,Kalimantan Selatan
228225,228,Gorontalo,Gorontalo,Gorontalo,Ampana,Sulawesi Tengah
228234,228,Gorontalo,Gorontalo,Gorontalo,Pagimana,Sulawesi Tengah
228229,228,Gorontalo,Gorontalo,Gorontalo,Wakai,Sulawesi Tengah
19,11,Gresik,Jawa Timur,Gresik,Bawean,Jawa Timur
4140,41,Gunungsitoli,Sumatera Utara,Gunungsitoli,Sibolga,Sumatera Utara
5484,94,Hunimua,Maluku,Hunimua,Waipirit,Maluku
5641002,564,Jangkar,Jawa Timur,Jangkar,Kalianget,Jawa Timur
5641003,564,Jangkar,Jawa Timur,Jangkar,Kangean,Jawa Timur
564565,564,Jangkar,Jawa Timur,Jangkar,Lembar,Nusa Tenggara Barat
5641005,564,Jangkar,Jawa Timur,Jangkar,Raas,Jawa Timur
5641004,564,Jangkar,Jawa Timur,Jangkar,Sapudi,Jawa Timur
3002,3,Jepara,Jawa Tengah,Jepara,Karimun Jawa,Jawa Tengah
5417,174,Kalabahi,Nusa Tenggara Timur,Kalabahi,Adonara,Nusa Tenggara Timur
5471,174,Kalabahi,Nusa Tenggara Timur,Kalabahi,Bakalang,Nusa Tenggara Timur
5438,174,Kalabahi,Nusa Tenggara Timur,Kalabahi,Baranusa,Nusa Tenggara Timur
5409,174,Kalabahi,Nusa Tenggara Timur,Kalabahi,Kupang,Nusa Tenggara Timur
5426,174,Kalabahi,Nusa Tenggara Timur,Kalabahi,Larantuka,Nusa Tenggara Timur
5437,174,Kalabahi,Nusa Tenggara Timur,Kalabahi,Lewoleba,Nusa Tenggara Timur
174191,174,Kalabahi,Nusa Tenggara Timur,Kalabahi,Naikliu,Nusa Tenggara Timur
174531,174,Kalabahi,Nusa Tenggara Timur,Kalabahi,Pura,Nusa Tenggara Timur
5436,174,Kalabahi,Nusa Tenggara Timur,Kalabahi,Solor,Nusa Tenggara Timur
5418,174,Kalabahi,Nusa Tenggara Timur,Kalabahi,Teluk Gurita,Nusa Tenggara Timur
441440,441,Kalianget,Jawa Timur,Kalianget,Jangkar,Jawa Timur
441442,441,Kalianget,Jawa Timur,Kalianget,Kangean,Jawa Timur
23,13,Kamal,Jawa Timur,Kamal,Ujung,Jawa Timur
2003,2,Karimun Jawa,Jawa Tengah,Karimun Jawa,Jepara,Jawa Tengah
29,195,Kayangan,Nusa Tenggara Barat,Kayangan,Pototano,Nusa Tenggara Barat
217218,217,Kendari,Sulawesi Tenggara,Kendari,Langara,Sulawesi Tenggara
202203,202,Kolaka,Sulawesi Tenggara,Kolaka,Bajoe,Sulawesi Selatan
202204,202,Kolaka,Sulawesi Tenggara,Kolaka,Siwa,Sulawesi Selatan
5369,171,Kupang,Nusa Tenggara Timur,Kupang,Adonara,Nusa Tenggara Timur
5412,171,Kupang,Nusa Tenggara Timur,Kupang,Aimere,Nusa Tenggara Timur
5378,171,Kupang,Nusa Tenggara Timur,Kupang,Ende,Nusa Tenggara Timur
5422,171,Kupang,Nusa Tenggara Timur,Kupang,Hansisi,Nusa Tenggara Timur
5408,171,Kupang,Nusa Tenggara Timur,Kupang,Kalabahi,Nusa Tenggara Timur
1406,171,Kupang,Nusa Tenggara Timur,Kupang,Larantuka,Nusa Tenggara Timur
5363,171,Kupang,Nusa Tenggara Timur,Kupang,Lewoleba,Nusa Tenggara Timur
5430,171,Kupang,Nusa Tenggara Timur,Kupang,Naikliu,Nusa Tenggara Timur
5373,171,Kupang,Nusa Tenggara Timur,Kupang,Ndao,Nusa Tenggara Timur
5435,171,Kupang,Nusa Tenggara Timur,Kupang,Raijua,Nusa Tenggara Timur
5355,171,Kupang,Nusa Tenggara Timur,Kupang,Rote,Nusa Tenggara Timur
5410,171,Kupang,Nusa Tenggara Timur,Kupang,Sabu,Nusa Tenggara Timur
5414,171,Kupang,Nusa Tenggara Timur,Kupang,Waingapu,Nusa Tenggara Timur
199478,199,Labuan Bajo,Nusa Tenggara Timur,Labuan Bajo,Bira ,Sulawesi Selatan
199477,199,Labuan Bajo,Nusa Tenggara Timur,Labuan Bajo,Jampea ,Sulawesi Selatan
199559,199,Labuan Bajo,Nusa Tenggara Timur,Labuan Bajo,Pulau Rinca,Nusa Tenggara Timur
5514,199,Labuan Bajo,Nusa Tenggara Timur,Labuan Bajo,Sape,Nusa Tenggara Barat
199436,199,Labuan Bajo,Nusa Tenggara Timur,Labuan Bajo,Waingapu,Nusa Tenggara Timur
218217,218,Langara,Sulawesi Tenggara,Langara,Kendari,Sulawesi Tenggara
5431,173,Larantuka,Nusa Tenggara Timur,Larantuka,Adonara,Nusa Tenggara Timur
5433,173,Larantuka,Nusa Tenggara Timur,Larantuka,Baranusa,Nusa Tenggara Timur
5427,173,Larantuka,Nusa Tenggara Timur,Larantuka,Kalabahi,Nusa Tenggara Timur
1407,173,Larantuka,Nusa Tenggara Timur,Larantuka,Kupang,Nusa Tenggara Timur
5434,173,Larantuka,Nusa Tenggara Timur,Larantuka,Lewoleba,Nusa Tenggara Timur
5432,173,Larantuka,Nusa Tenggara Timur,Larantuka,Solor,Nusa Tenggara Timur
5476,173,Larantuka,Nusa Tenggara Timur,Larantuka,Waiwerang,Nusa Tenggara Timur
198563,198,Lembar,Nusa Tenggara Barat,Lembar,Jangkar,Jawa Timur
25,198,Lembar,Nusa Tenggara Barat,Lembar,Padang Bai,Bali
198568,198,Lembar,Nusa Tenggara Barat,Lembar,Probolinggo,Jawa Timur
344049,344,Mamuju,Sulawesi Barat,Mamuju,Balikpapan,Kalimantan Timur
284296,284,Manokwari,Papua Barat,Manokwari,Biak,Papua
5487,89,Namlea,Maluku,Namlea,Galala,Maluku
182439,9,Paciran,Jawa Timur,Paciran,Bahaur,Kalimantan Tengah
20,9,Paciran,Jawa Timur,Paciran,Bawean,Jawa Timur
122,29,Padang,Sumatera Barat,Padang,Tua Pejat,Sumatera Barat
26,196,Padang Bai,Bali,Padang Bai,Lembar,Nusa Tenggara Barat
27,196,Padang Bai,Bali,Padang Bai,Nusa Penida,Bali
234228,234,Pagimana,Sulawesi Tengah,Pagimana,Gorontalo,Gorontalo
121,244,Pamatata,Sulawesi Selatan,Pamatata,Bira,Sulawesi Selatan
5489,54,Penajam,Kalimantan Timur,Penajam,Kariangau,Kalimantan Timur
30,194,Pototano,Nusa Tenggara Barat,Pototano,Kayangan,Nusa Tenggara Barat
201027,566,Probolinggo,Jawa Timur,Probolinggo,Lembar,Nusa Tenggara Barat
1023206,1023,Pulau Balang Lompo,Sulawesi Selatan,Pulau Balang Lompo,Maccini Baji,
5425,172,Rote,Nusa Tenggara Timur,Rote,Hansisi,Nusa Tenggara Timur
5354,172,Rote,Nusa Tenggara Timur,Rote,Kupang,Nusa Tenggara Timur
5350,172,Rote,Nusa Tenggara Timur,Rote,Ndao,Nusa Tenggara Timur
34,131,Rum,Maluku Utara,Rum,Bastiong,Maluku Utara
5513,200,Sape,Nusa Tenggara Barat,Sape,Labuan Bajo,Nusa Tenggara Timur
200201,200,Sape,Nusa Tenggara Barat,Sape,Waikelo,Nusa Tenggara Timur
200436,200,Sape,Nusa Tenggara Barat,Sape,Waingapu,Nusa Tenggara Timur
4041,40,Sibolga,Sumatera Utara,Sibolga,Gunungsitoli,Sumatera Utara
35,107,Sidangole,Maluku Utara,Sidangole,Bastiong,Maluku Utara
479541,479,Soekarno-Hatta (Makassar),Sulawesi Selatan,Soekarno-Hatta (Makassar),Tanjung Perak,Jawa Timur
569570,569,Tanjung Api Api,Sumatera Selatan,Tanjung Api Api,Tanjung Kalian,Bangka Belitung
3537,35,Tanjung Kalian,Bangka Belitung,Tanjung Kalian,Tanjung Api Api,Sumatera Selatan
5411051,541,Tanjung Perak,Jawa Timur,Tanjung Perak,Soekarno-Hatta (Makassar),Sulawesi Selatan
8483,84,Tanjung Serdang,Kalimantan Selatan,Tanjung Serdang,Batulicin,Kalimantan Selatan
261032,26,Tanjung Uban,Kepulauan Riau,Tanjung Uban,Letung,Kepulauan Riau
5515,26,Tanjung Uban,Kepulauan Riau,Tanjung Uban,Matak,Kepulauan Riau
5516,26,Tanjung Uban,Kepulauan Riau,Tanjung Uban,Tambelan,Kepulauan Riau
5505,26,Tanjung Uban,Kepulauan Riau,Tanjung Uban,Telaga Punggur,Kepulauan Riau
55057,55,Tarakan,Kalimantan Utara,Tarakan,Nunukan,Kalimantan Utara
55052,55,Tarakan,Kalimantan Utara,Tarakan,Sebawang,Kalimantan Utara
55059,55,Tarakan,Kalimantan Utara,Tarakan,Toli Toli,Sulawesi Tengah
5493,19,Telaga Punggur,Kepulauan Riau,Telaga Punggur,Dabo,Kepulauan Riau
198014,19,Telaga Punggur,Kepulauan Riau,Telaga Punggur,Kuala Tungkal,Jambi
5496,19,Telaga Punggur,Kepulauan Riau,Telaga Punggur,Mengkapan,Riau
5492,19,Telaga Punggur,Kepulauan Riau,Telaga Punggur,Tanjung Balai Karimun,Kepulauan Riau
5491,19,Telaga Punggur,Kepulauan Riau,Telaga Punggur,Tanjung Uban,Kepulauan Riau
127,31,Tua Pejat,Sumatera Barat,Tua Pejat,Padang,Sumatera Barat
22,12,Ujung,Jawa Timur,Ujung,Kamal,Jawa Timur
1514,15,Ulee Lheue,Aceh,Ulee Lheue,Balohan,Aceh
201200,201,Waikelo,Nusa Tenggara Timur,Waikelo,Sape,Nusa Tenggara Barat
5442,177,Waingapu,Nusa Tenggara Timur,Waingapu,Aimere,Nusa Tenggara Timur
5443,177,Waingapu,Nusa Tenggara Timur,Waingapu,Ende,Nusa Tenggara Timur
5415,177,Waingapu,Nusa Tenggara Timur,Waingapu,Kupang,Nusa Tenggara Timur
436199,436,Waingapu,Nusa Tenggara Timur,Waingapu,Labuan Bajo,Nusa Tenggara Timur
177342,177,Waingapu,Nusa Tenggara Timur,Waingapu,Raijua,Nusa Tenggara Timur
5335,177,Waingapu,Nusa Tenggara Timur,Waingapu,Sabu,Nusa Tenggara Timur
436200,436,Waingapu,Nusa Tenggara Timur,Waingapu,Sape,Nusa Tenggara Barat
5485,95,Waipirit,Maluku,Waipirit,Hunimua,Maluku
