routeId,originHarbourId,origin,destination,destinationProvince,serviceCategory,serviceId,serviceName,vehicleClass,departDate,departTime,scheduleId,quota,fareAmount,totalPrice,currency,status
120,239,Bira,Pamatata,Sulawesi Selatan,Kendaraan,11,Golongan I,GOL I,2026-08-26,06:30,2627160930380750639,1,48300,48300,IDR,OK
120,239,Bira,Pamatata,Sulawesi Selatan,Kendaraan,12,Golongan II ,GOL II,2026-08-26,06:30,2627160930380750639,0,82600,82600,IDR,OK
120,239,Bira,Pamatata,Sulawesi Selatan,Kendaraan,13,Golongan III,GOL III,2026-08-26,06:30,2627160930380750639,1,105500,105500,IDR,OK
120,239,Bira,Pamatata,Sulawesi Selatan,Kendaraan,14,Golongan IV - Penumpang,GOL IV A,2026-08-26,06:30,2627160930380750639,5,595900,595900,IDR,OK
120,239,Bira,Pamatata,Sulawesi Selatan,Kendaraan,15,Golongan IV - Barang,GOL IV B,2026-08-26,06:30,2627160930380750639,1,444600,444600,IDR,OK
120,239,Bira,Pamatata,Sulawesi Selatan,Kendaraan,16,Golongan V - Penumpang,GOL V A,2026-08-26,06:30,2627160930380750639,1,1075900,1075900,IDR,OK
120,239,Bira,Pamatata,Sulawesi Selatan,Kendaraan,17,Golongan V - Barang,GOL V B,2026-08-26,06:30,2627160930380750639,0,643100,643100,IDR,OK
120,239,Bira,Pamatata,Sulawesi Selatan,Kendaraan,18,Golongan VI - Penumpang,GOL VI A,2026-08-26,06:30,2627160930380750639,0,1710700,1710700,IDR,OK
120,239,Bira,Pamatata,Sulawesi Selatan,Kendaraan,19,Golongan VI - Barang,GOL VI B,2026-08-26,06:30,2627160930380750639,0,905000,905000,IDR,OK
120,239,Bira,Pamatata,Sulawesi Selatan,Kendaraan,20,Golongan VII,GOL VII,2026-08-26,06:30,2627160930380750639,0,1351700,1351700,IDR,OK
120,239,Bira,Pamatata,Sulawesi Selatan,Kendaraan,21,Golongan VIII,GOL VIII,2026-08-26,06:30,2627160930380750639,0,1627000,1627000,IDR,OK
120,239,Bira,Pamatata,Sulawesi Selatan,Kendaraan,22,Golongan IX,GOL IX,2026-08-26,06:30,2627160930380750639,0,3415100,3415100,IDR,OK
120,239,Bira,Pamatata,Sulawesi Selatan,Pejalan Kaki,5,Dewasa Bisnis I,DEWASA,2026-08-26,06:30,2627160930380750639,0,44000,44000,IDR,OK
120,239,Bira,Pamatata,Sulawesi Selatan,Pejalan Kaki,504,Bayi Bisnis,BAYI,2026-08-26,06:30,2627160930380750639,0,15500,15500,IDR,OK
120,239,Bira,Pamatata,Sulawesi Selatan,Pejalan Kaki,525,SUPLESI BAYI EKONOMI KE BISNIS,SUPLESI,2026-08-26,06:30,2627160930380750639,0,11800,11800,IDR,OK
120,239,Bira,Pamatata,Sulawesi Selatan,Pejalan Kaki,7,Dewasa Ekonomi,DEWASA,2026-08-26,06:30,2627160930380750639,250,33900,33900,IDR,OK
120,239,Bira,Pamatata,Sulawesi Selatan,Pejalan Kaki,9,Bayi Ekonomi,BAYI,2026-08-26,06:30,2627160930380750639,0,3700,3700,IDR,OK
121,244,Pamatata,Bira,Sulawesi Selatan,Kendaraan,11,Golongan I,GOL I,2026-08-26,04:30,2627160930380750702,0,48300,48300,IDR,OK
121,244,Pamatata,Bira,Sulawesi Selatan,Kendaraan,12,Golongan II ,GOL II,2026-08-26,04:30,2627160930380750702,30,82600,82600,IDR,OK
121,244,Pamatata,Bira,Sulawesi Selatan,Kendaraan,13,Golongan III,GOL III,2026-08-26,04:30,2627160930380750702,0,105500,105500,IDR,OK
121,244,Pamatata,Bira,Sulawesi Selatan,Kendaraan,14,Golongan IV - Penumpang,GOL IV A,2026-08-26,04:30,2627160930380750702,7,595900,595900,IDR,OK
121,244,Pamatata,Bira,Sulawesi Selatan,Kendaraan,15,Golongan IV - Barang,GOL IV B,2026-08-26,04:30,2627160930380750702,0,444600,444600,IDR,OK
121,244,Pamatata,Bira,Sulawesi Selatan,Kendaraan,16,Golongan V - Penumpang,GOL V A,2026-08-26,04:30,2627160930380750702,1,1075900,1075900,IDR,OK
121,244,Pamatata,Bira,Sulawesi Selatan,Kendaraan,17,Golongan V - Barang,GOL V B,2026-08-26,04:30,2627160930380750702,0,643100,643100,IDR,OK
121,244,Pamatata,Bira,Sulawesi Selatan,Kendaraan,18,Golongan VI - Penumpang,GOL VI A,2026-08-26,04:30,2627160930380750702,0,1710700,1710700,IDR,OK
121,244,Pamatata,Bira,Sulawesi Selatan,Kendaraan,19,Golongan VI - Barang,GOL VI B,2026-08-26,04:30,2627160930380750702,0,905000,905000,IDR,OK
121,244,Pamatata,Bira,Sulawesi Selatan,Kendaraan,20,Golongan VII,GOL VII,2026-08-26,04:30,2627160930380750702,0,1351700,1351700,IDR,OK
121,244,Pamatata,Bira,Sulawesi Selatan,Kendaraan,21,Golongan VIII,GOL VIII,2026-08-26,04:30,2627160930380750702,0,1627000,1627000,IDR,OK
121,244,Pamatata,Bira,Sulawesi Selatan,Kendaraan,22,Golongan IX,GOL IX,2026-08-26,04:30,2627160930380750702,0,3415100,3415100,IDR,OK
121,244,Pamatata,Bira,Sulawesi Selatan,Pejalan Kaki,5,Dewasa Bisnis I,DEWASA,2026-08-26,04:30,2627160930380750702,0,44000,44000,IDR,OK
121,244,Pamatata,Bira,Sulawesi Selatan,Pejalan Kaki,504,Bayi Bisnis,BAYI,2026-08-26,04:30,2627160930380750702,0,15500,15500,IDR,OK
121,244,Pamatata,Bira,Sulawesi Selatan,Pejalan Kaki,525,SUPLESI BAYI EKONOMI KE BISNIS,SUPLESI,2026-08-26,04:30,2627160930380750702,0,11800,11800,IDR,OK
121,244,Pamatata,Bira,Sulawesi Selatan,Pejalan Kaki,7,Dewasa Ekonomi,DEWASA,2026-08-26,04:30,2627160930380750702,250,33900,33900,IDR,OK
121,244,Pamatata,Bira,Sulawesi Selatan,Pejalan Kaki,9,Bayi Ekonomi,BAYI,2026-08-26,04:30,2627160930380750702,30,3700,3700,IDR,OK
19,11,Gresik,Bawean,Jawa Timur,Kendaraan,11,Golongan I,GOL I,2026-08-26,19:00,2627160930380752209,0,23850,23850,IDR,OK
19,11,Gresik,Bawean,Jawa Timur,Kendaraan,12,Golongan II ,GOL II,2026-08-26,19:00,2627160930380752209,0,102850,102850,IDR,OK
19,11,Gresik,Bawean,Jawa Timur,Kendaraan,13,Golongan III,GOL III,2026-08-26,19:00,2627160930380752209,0,310700,310700,IDR,OK
19,11,Gresik,Bawean,Jawa Timur,Kendaraan,14,Golongan IV - Penumpang,GOL IV A,2026-08-26,19:00,2627160930380752209,0,959100,959100,IDR,OK
19,11,Gresik,Bawean,Jawa Timur,Kendaraan,15,Golongan IV - Barang,GOL IV B,2026-08-26,19:00,2627160930380752209,0,831100,831100,IDR,OK
19,11,Gresik,Bawean,Jawa Timur,Kendaraan,16,Golongan V - Penumpang,GOL V A,2026-08-26,19:00,2627160930380752209,0,1057900,1057900,IDR,OK
19,11,Gresik,Bawean,Jawa Timur,Kendaraan,17,Golongan V - Barang,GOL V B,2026-08-26,19:00,2627160930380752209,0,1080900,1080900,IDR,OK
19,11,Gresik,Bawean,Jawa Timur,Kendaraan,18,Golongan VI - Penumpang,GOL VI A,2026-08-26,19:00,2627160930380752209,0,1395500,1395500,IDR,OK
19,11,Gresik,Bawean,Jawa Timur,Kendaraan,19,Golongan VI - Barang,GOL VI B,2026-08-26,19:00,2627160930380752209,0,1143500,1143500,IDR,OK
19,11,Gresik,Bawean,Jawa Timur,Kendaraan,20,Golongan VII,GOL VII,2026-08-26,19:00,2627160930380752209,0,1635500,1635500,IDR,OK
19,11,Gresik,Bawean,Jawa Timur,Kendaraan,21,Golongan VIII,GOL VIII,2026-08-26,19:00,2627160930380752209,0,1872500,1872500,IDR,OK
19,11,Gresik,Bawean,Jawa Timur,Kendaraan,22,Golongan IX,GOL IX,2026-08-26,19:00,2627160930380752209,0,2110500,2110500,IDR,OK
19,11,Gresik,Bawean,Jawa Timur,Pejalan Kaki,5,Dewasa Bisnis I,DEWASA,2026-08-26,19:00,2627160930380752209,0,90000,90000,IDR,OK
19,11,Gresik,Bawean,Jawa Timur,Pejalan Kaki,6,Anak - Anak Bisnis I,ANAK,2026-08-26,19:00,2627160930380752209,0,68000,68000,IDR,OK
19,11,Gresik,Bawean,Jawa Timur,Pejalan Kaki,7,Dewasa Ekonomi,DEWASA,2026-08-26,19:00,2627160930380752209,0,69000,69000,IDR,OK
19,11,Gresik,Bawean,Jawa Timur,Pejalan Kaki,8,Anak - Anak Ekonomi,ANAK,2026-08-26,19:00,2627160930380752209,0,52000,52000,IDR,OK
19,11,Gresik,Bawean,Jawa Timur,Pejalan Kaki,9,Bayi Ekonomi,BAYI,2026-08-26,19:00,2627160930380752209,0,9000,9000,IDR,OK
198014,19,Telaga Punggur,Kuala Tungkal,Jambi,Kendaraan,11,Golongan I,GOL I,2026-08-26,15:00,2627160930380748973,0,223900,223900,IDR,OK
198014,19,Telaga Punggur,Kuala Tungkal,Jambi,Kendaraan,12,Golongan II ,GOL II,2026-08-26,15:00,2627160930380748973,30,410700,410700,IDR,OK
198014,19,Telaga Punggur,Kuala Tungkal,Jambi,Kendaraan,13,Golongan III,GOL III,2026-08-26,15:00,2627160930380748973,0,858000,858000,IDR,OK
198014,19,Telaga Punggur,Kuala Tungkal,Jambi,Kendaraan,14,Golongan IV - Penumpang,GOL IV A,2026-08-26,15:00,2627160930380748973,15,2898600,2898600,IDR,OK
198014,19,Telaga Punggur,Kuala Tungkal,Jambi,Kendaraan,15,Golongan IV - Barang,GOL IV B,2026-08-26,15:00,2627160930380748973,5,2647200,2647200,IDR,OK
198014,19,Telaga Punggur,Kuala Tungkal,Jambi,Kendaraan,16,Golongan V - Penumpang,GOL V A,2026-08-26,15:00,2627160930380748973,0,5394200,5394200,IDR,OK
198014,19,Telaga Punggur,Kuala Tungkal,Jambi,Kendaraan,17,Golongan V - Barang,GOL V B,2026-08-26,15:00,2627160930380748973,5,4546300,4546300,IDR,OK
198014,19,Telaga Punggur,Kuala Tungkal,Jambi,Kendaraan,18,Golongan VI - Penumpang,GOL VI A,2026-08-26,15:00,2627160930380748973,0,8984900,8984900,IDR,OK
198014,19,Telaga Punggur,Kuala Tungkal,Jambi,Kendaraan,19,Golongan VI - Barang,GOL VI B,2026-08-26,15:00,2627160930380748973,0,7457600,7457600,IDR,OK
198014,19,Telaga Punggur,Kuala Tungkal,Jambi,Kendaraan,20,Golongan VII,GOL VII,2026-08-26,15:00,2627160930380748973,0,9355000,9355000,IDR,OK
198014,19,Telaga Punggur,Kuala Tungkal,Jambi,Kendaraan,21,Golongan VIII,GOL VIII,2026-08-26,15:00,2627160930380748973,0,13532900,13532900,IDR,OK
198014,19,Telaga Punggur,Kuala Tungkal,Jambi,Kendaraan,22,Golongan IX,GOL IX,2026-08-26,15:00,2627160930380748973,0,19714000,19714000,IDR,OK
198014,19,Telaga Punggur,Kuala Tungkal,Jambi,Pejalan Kaki,7,Dewasa Ekonomi,DEWASA,2026-08-26,15:00,2627160930380748973,180,186000,186000,IDR,OK
198014,19,Telaga Punggur,Kuala Tungkal,Jambi,Pejalan Kaki,9,Bayi Ekonomi,BAYI,2026-08-26,15:00,2627160930380748973,10,18400,18400,IDR,OK
203202,203,Bajoe,Kolaka,Sulawesi Tenggara,Kendaraan,11,Golongan I,GOL I,2026-08-26,09:00,2627160930380753345,5,144300,144300,IDR,OK
203202,203,Bajoe,Kolaka,Sulawesi Tenggara,Kendaraan,12,Golongan II ,GOL II,2026-08-26,09:00,2627160930380753345,50,306100,306100,IDR,OK
203202,203,Bajoe,Kolaka,Sulawesi Tenggara,Kendaraan,13,Golongan III,GOL III,2026-08-26,09:00,2627160930380753345,5,519200,519200,IDR,OK
203202,203,Bajoe,Kolaka,Sulawesi Tenggara,Kendaraan,14,Golongan IV - Penumpang,GOL IV A,2026-08-26,09:00,2627160930380753345,20,1926600,1926600,IDR,OK
203202,203,Bajoe,Kolaka,Sulawesi Tenggara,Kendaraan,15,Golongan IV - Barang,GOL IV B,2026-08-26,09:00,2627160930380753345,20,1857000,1857000,IDR,OK
203202,203,Bajoe,Kolaka,Sulawesi Tenggara,Kendaraan,16,Golongan V - Penumpang,GOL V A,2026-08-26,09:00,2627160930380753345,10,3585700,3585700,IDR,OK
203202,203,Bajoe,Kolaka,Sulawesi Tenggara,Kendaraan,17,Golongan V - Barang,GOL V B,2026-08-26,09:00,2627160930380753345,20,3152500,3152500,IDR,OK
203202,203,Bajoe,Kolaka,Sulawesi Tenggara,Kendaraan,18,Golongan VI - Penumpang,GOL VI A,2026-08-26,09:00,2627160930380753345,5,6030600,6030600,IDR,OK
203202,203,Bajoe,Kolaka,Sulawesi Tenggara,Kendaraan,19,Golongan VI - Barang,GOL VI B,2026-08-26,09:00,2627160930380753345,10,5007800,5007800,IDR,OK
203202,203,Bajoe,Kolaka,Sulawesi Tenggara,Kendaraan,20,Golongan VII,GOL VII,2026-08-26,09:00,2627160930380753345,10,6216800,6216800,IDR,OK
203202,203,Bajoe,Kolaka,Sulawesi Tenggara,Kendaraan,21,Golongan VIII,GOL VIII,2026-08-26,09:00,2627160930380753345,5,8727700,8727700,IDR,OK
203202,203,Bajoe,Kolaka,Sulawesi Tenggara,Kendaraan,22,Golongan IX,GOL IX,2026-08-26,09:00,2627160930380753345,5,12711800,12711800,IDR,OK
203202,203,Bajoe,Kolaka,Sulawesi Tenggara,Pejalan Kaki,1,Dewasa,DEWASA,2026-08-26,09:00,2627160930380753345,0,105600,105600,IDR,OK
203202,203,Bajoe,Kolaka,Sulawesi Tenggara,Pejalan Kaki,7,Dewasa Ekonomi,DEWASA,2026-08-26,09:00,2627160930380753345,150,111400,111400,IDR,OK
203202,203,Bajoe,Kolaka,Sulawesi Tenggara,Pejalan Kaki,9,Bayi Ekonomi,BAYI,2026-08-26,09:00,2627160930380753345,5,11300,11300,IDR,OK
22,12,Ujung,Kamal,Jawa Timur,Kendaraan,11,Golongan I,GOL I,2026-08-26,07:00,2627160930380747415,100,10000,10000,IDR,OK
22,12,Ujung,Kamal,Jawa Timur,Kendaraan,12,Golongan II ,GOL II,2026-08-26,07:00,2627160930380747415,100,15500,15500,IDR,OK
22,12,Ujung,Kamal,Jawa Timur,Kendaraan,13,Golongan III,GOL III,2026-08-26,07:00,2627160930380747415,10,22500,22500,IDR,OK
22,12,Ujung,Kamal,Jawa Timur,Kendaraan,14,Golongan IV - Penumpang,GOL IV A,2026-08-26,07:00,2627160930380747415,10,62500,62500,IDR,OK
22,12,Ujung,Kamal,Jawa Timur,Kendaraan,15,Golongan IV - Barang,GOL IV B,2026-08-26,07:00,2627160930380747415,10,61500,61500,IDR,OK
22,12,Ujung,Kamal,Jawa Timur,Kendaraan,16,Golongan V - Penumpang,GOL V A,2026-08-26,07:00,2627160930380747415,10,74000,74000,IDR,OK
22,12,Ujung,Kamal,Jawa Timur,Kendaraan,17,Golongan V - Barang,GOL V B,2026-08-26,07:00,2627160930380747415,10,75500,75500,IDR,OK
22,12,Ujung,Kamal,Jawa Timur,Kendaraan,18,Golongan VI - Penumpang,GOL VI A,2026-08-26,07:00,2627160930380747415,10,88000,88000,IDR,OK
22,12,Ujung,Kamal,Jawa Timur,Kendaraan,19,Golongan VI - Barang,GOL VI B,2026-08-26,07:00,2627160930380747415,10,101000,101000,IDR,OK
22,12,Ujung,Kamal,Jawa Timur,Kendaraan,20,Golongan VII,GOL VII,2026-08-26,07:00,2627160930380747415,10,197000,197000,IDR,OK
22,12,Ujung,Kamal,Jawa Timur,Kendaraan,21,Golongan VIII,GOL VIII,2026-08-26,07:00,2627160930380747415,0,228000,228000,IDR,OK
22,12,Ujung,Kamal,Jawa Timur,Kendaraan,22,Golongan IX,GOL IX,2026-08-26,07:00,2627160930380747415,0,284000,284000,IDR,OK
22,12,Ujung,Kamal,Jawa Timur,Pejalan Kaki,7,Dewasa Ekonomi,DEWASA,2026-08-26,07:00,2627160930380747415,100,8500,8500,IDR,OK
22,12,Ujung,Kamal,Jawa Timur,Pejalan Kaki,9,Bayi Ekonomi,BAYI,2026-08-26,07:00,2627160930380747415,100,2000,2000,IDR,OK
23,13,Kamal,Ujung,Jawa Timur,Kendaraan,11,Golongan I,GOL I,2026-08-26,06:00,2627160930380747159,100,10000,10000,IDR,OK
23,13,Kamal,Ujung,Jawa Timur,Kendaraan,12,Golongan II ,GOL II,2026-08-26,06:00,2627160930380747159,99,15500,15500,IDR,OK
23,13,Kamal,Ujung,Jawa Timur,Kendaraan,13,Golongan III,GOL III,2026-08-26,06:00,2627160930380747159,10,22500,22500,IDR,OK
23,13,Kamal,Ujung,Jawa Timur,Kendaraan,14,Golongan IV - Penumpang,GOL IV A,2026-08-26,06:00,2627160930380747159,10,62500,62500,IDR,OK
23,13,Kamal,Ujung,Jawa Timur,Kendaraan,15,Golongan IV - Barang,GOL IV B,2026-08-26,06:00,2627160930380747159,10,61500,61500,IDR,OK
23,13,Kamal,Ujung,Jawa Timur,Kendaraan,16,Golongan V - Penumpang,GOL V A,2026-08-26,06:00,2627160930380747159,10,74000,74000,IDR,OK
23,13,Kamal,Ujung,Jawa Timur,Kendaraan,17,Golongan V - Barang,GOL V B,2026-08-26,06:00,2627160930380747159,10,75500,75500,IDR,OK
23,13,Kamal,Ujung,Jawa Timur,Kendaraan,18,Golongan VI - Penumpang,GOL VI A,2026-08-26,06:00,2627160930380747159,10,88000,88000,IDR,OK
23,13,Kamal,Ujung,Jawa Timur,Kendaraan,19,Golongan VI - Barang,GOL VI B,2026-08-26,06:00,2627160930380747159,10,101000,101000,IDR,OK
23,13,Kamal,Ujung,Jawa Timur,Kendaraan,20,Golongan VII,GOL VII,2026-08-26,06:00,2627160930380747159,10,197000,197000,IDR,OK
23,13,Kamal,Ujung,Jawa Timur,Kendaraan,21,Golongan VIII,GOL VIII,2026-08-26,06:00,2627160930380747159,0,228000,228000,IDR,OK
23,13,Kamal,Ujung,Jawa Timur,Kendaraan,22,Golongan IX,GOL IX,2026-08-26,06:00,2627160930380747159,0,284000,284000,IDR,OK
23,13,Kamal,Ujung,Jawa Timur,Pejalan Kaki,7,Dewasa Ekonomi,DEWASA,2026-08-26,06:00,2627160930380747159,100,8500,8500,IDR,OK
23,13,Kamal,Ujung,Jawa Timur,Pejalan Kaki,9,Bayi Ekonomi,BAYI,2026-08-26,06:00,2627160930380747159,100,2000,2000,IDR,OK
25,198,Lembar,Padang Bai,Bali,Kendaraan,11,Golongan I,GOL I,2026-08-26,00:00,2627160930380751764,100,81600,81600,IDR,OK
25,198,Lembar,Padang Bai,Bali,Kendaraan,12,Golongan II ,GOL II,2026-08-26,00:00,2627160930380751764,100,169400,169400,IDR,OK
25,198,Lembar,Padang Bai,Bali,Kendaraan,13,Golongan III,GOL III,2026-08-26,00:00,2627160930380751764,100,329600,329600,IDR,OK
25,198,Lembar,Padang Bai,Bali,Kendaraan,14,Golongan IV - Penumpang,GOL IV A,2026-08-26,00:00,2627160930380751764,100,1184100,1184100,IDR,OK
25,198,Lembar,Padang Bai,Bali,Kendaraan,15,Golongan IV - Barang,GOL IV B,2026-08-26,00:00,2627160930380751764,100,1116200,1116200,IDR,OK
25,198,Lembar,Padang Bai,Bali,Kendaraan,16,Golongan V - Penumpang,GOL V A,2026-08-26,00:00,2627160930380751764,100,2251300,2251300,IDR,OK
25,198,Lembar,Padang Bai,Bali,Kendaraan,17,Golongan V - Barang,GOL V B,2026-08-26,00:00,2627160930380751764,100,1887500,1887500,IDR,OK
25,198,Lembar,Padang Bai,Bali,Kendaraan,18,Golongan VI - Penumpang,GOL VI A,2026-08-26,00:00,2627160930380751764,100,3677300,3677300,IDR,OK
25,198,Lembar,Padang Bai,Bali,Kendaraan,19,Golongan VI - Barang,GOL VI B,2026-08-26,00:00,2627160930380751764,100,3160200,3160200,IDR,OK
25,198,Lembar,Padang Bai,Bali,Kendaraan,20,Golongan VII,GOL VII,2026-08-26,00:00,2627160930380751764,100,4059800,4059800,IDR,OK
25,198,Lembar,Padang Bai,Bali,Kendaraan,21,Golongan VIII,GOL VIII,2026-08-26,00:00,2627160930380751764,0,5699800,5699800,IDR,OK
25,198,Lembar,Padang Bai,Bali,Kendaraan,22,Golongan IX,GOL IX,2026-08-26,00:00,2627160930380751764,0,8265800,8265800,IDR,OK
25,198,Lembar,Padang Bai,Bali,Pejalan Kaki,7,Dewasa Ekonomi,DEWASA,2026-08-26,00:00,2627160930380751764,100,65300,65300,IDR,OK
25,198,Lembar,Padang Bai,Bali,Pejalan Kaki,9,Bayi Ekonomi,BAYI,2026-08-26,00:00,2627160930380751764,100,6100,6100,IDR,OK
26,196,Padang Bai,Lembar,Nusa Tenggara Barat,Kendaraan,11,Golongan I,GOL I,2026-08-26,00:00,2627160930380745884,30,81600,81600,IDR,OK
26,196,Padang Bai,Lembar,Nusa Tenggara Barat,Kendaraan,12,Golongan II ,GOL II,2026-08-26,00:00,2627160930380745884,100,169400,169400,IDR,OK
26,196,Padang Bai,Lembar,Nusa Tenggara Barat,Kendaraan,13,Golongan III,GOL III,2026-08-26,00:00,2627160930380745884,30,329600,329600,IDR,OK
26,196,Padang Bai,Lembar,Nusa Tenggara Barat,Kendaraan,14,Golongan IV - Penumpang,GOL IV A,2026-08-26,00:00,2627160930380745884,30,1184100,1184100,IDR,OK
26,196,Padang Bai,Lembar,Nusa Tenggara Barat,Kendaraan,15,Golongan IV - Barang,GOL IV B,2026-08-26,00:00,2627160930380745884,30,1116200,1116200,IDR,OK
26,196,Padang Bai,Lembar,Nusa Tenggara Barat,Kendaraan,16,Golongan V - Penumpang,GOL V A,2026-08-26,00:00,2627160930380745884,30,2251300,2251300,IDR,OK
26,196,Padang Bai,Lembar,Nusa Tenggara Barat,Kendaraan,17,Golongan V - Barang,GOL V B,2026-08-26,00:00,2627160930380745884,30,1887500,1887500,IDR,OK
26,196,Padang Bai,Lembar,Nusa Tenggara Barat,Kendaraan,18,Golongan VI - Penumpang,GOL VI A,2026-08-26,00:00,2627160930380745884,30,3677300,3677300,IDR,OK
26,196,Padang Bai,Lembar,Nusa Tenggara Barat,Kendaraan,19,Golongan VI - Barang,GOL VI B,2026-08-26,00:00,2627160930380745884,30,3160200,3160200,IDR,OK
26,196,Padang Bai,Lembar,Nusa Tenggara Barat,Kendaraan,20,Golongan VII,GOL VII,2026-08-26,00:00,2627160930380745884,30,4059800,4059800,IDR,OK
26,196,Padang Bai,Lembar,Nusa Tenggara Barat,Kendaraan,21,Golongan VIII,GOL VIII,2026-08-26,00:00,2627160930380745884,30,5699800,5699800,IDR,OK
26,196,Padang Bai,Lembar,Nusa Tenggara Barat,Kendaraan,22,Golongan IX,GOL IX,2026-08-26,00:00,2627160930380745884,30,8265800,8265800,IDR,OK
26,196,Padang Bai,Lembar,Nusa Tenggara Barat,Pejalan Kaki,7,Dewasa Ekonomi,DEWASA,2026-08-26,00:00,2627160930380745884,300,65300,65300,IDR,OK
26,196,Padang Bai,Lembar,Nusa Tenggara Barat,Pejalan Kaki,9,Bayi Ekonomi,BAYI,2026-08-26,00:00,2627160930380745884,30,6100,6100,IDR,OK
29,195,Kayangan,Pototano,Nusa Tenggara Barat,Kendaraan,11,Golongan I,GOL I,2026-08-26,00:00,2627160930380752775,300,32000,32000,IDR,OK
29,195,Kayangan,Pototano,Nusa Tenggara Barat,Kendaraan,12,Golongan II ,GOL II,2026-08-26,00:00,2627160930380752775,300,75000,75000,IDR,OK
29,195,Kayangan,Pototano,Nusa Tenggara Barat,Kendaraan,13,Golongan III,GOL III,2026-08-26,00:00,2627160930380752775,300,130000,130000,IDR,OK
29,195,Kayangan,Pototano,Nusa Tenggara Barat,Kendaraan,14,Golongan IV - Penumpang,GOL IV A,2026-08-26,00:00,2627160930380752775,300,563000,563000,IDR,OK
29,195,Kayangan,Pototano,Nusa Tenggara Barat,Kendaraan,15,Golongan IV - Barang,GOL IV B,2026-08-26,00:00,2627160930380752775,300,502000,502000,IDR,OK
29,195,Kayangan,Pototano,Nusa Tenggara Barat,Kendaraan,16,Golongan V - Penumpang,GOL V A,2026-08-26,00:00,2627160930380752775,300,893000,893000,IDR,OK
29,195,Kayangan,Pototano,Nusa Tenggara Barat,Kendaraan,17,Golongan V - Barang,GOL V B,2026-08-26,00:00,2627160930380752775,300,760000,760000,IDR,OK
29,195,Kayangan,Pototano,Nusa Tenggara Barat,Kendaraan,18,Golongan VI - Penumpang,GOL VI A,2026-08-26,00:00,2627160930380752775,300,1307000,1307000,IDR,OK
29,195,Kayangan,Pototano,Nusa Tenggara Barat,Kendaraan,19,Golongan VI - Barang,GOL VI B,2026-08-26,00:00,2627160930380752775,300,1223000,1223000,IDR,OK
29,195,Kayangan,Pototano,Nusa Tenggara Barat,Kendaraan,20,Golongan VII,GOL VII,2026-08-26,00:00,2627160930380752775,300,1869000,1869000,IDR,OK
29,195,Kayangan,Pototano,Nusa Tenggara Barat,Kendaraan,21,Golongan VIII,GOL VIII,2026-08-26,00:00,2627160930380752775,300,2153000,2153000,IDR,OK
29,195,Kayangan,Pototano,Nusa Tenggara Barat,Kendaraan,22,Golongan IX,GOL IX,2026-08-26,00:00,2627160930380752775,300,2265000,2265000,IDR,OK
29,195,Kayangan,Pototano,Nusa Tenggara Barat,Pejalan Kaki,7,Dewasa Ekonomi,DEWASA,2026-08-26,00:00,2627160930380752775,300,18800,18800,IDR,OK
29,195,Kayangan,Pototano,Nusa Tenggara Barat,Pejalan Kaki,9,Bayi Ekonomi,BAYI,2026-08-26,00:00,2627160930380752775,300,5200,5200,IDR,OK
30,194,Pototano,Kayangan,Nusa Tenggara Barat,Kendaraan,11,Golongan I,GOL I,2026-08-26,00:00,2627160930380736429,10,32000,32000,IDR,OK
30,194,Pototano,Kayangan,Nusa Tenggara Barat,Kendaraan,12,Golongan II ,GOL II,2026-08-26,00:00,2627160930380736429,60,75000,75000,IDR,OK
30,194,Pototano,Kayangan,Nusa Tenggara Barat,Kendaraan,13,Golongan III,GOL III,2026-08-26,00:00,2627160930380736429,10,130000,130000,IDR,OK
30,194,Pototano,Kayangan,Nusa Tenggara Barat,Kendaraan,14,Golongan IV - Penumpang,GOL IV A,2026-08-26,00:00,2627160930380736429,30,563000,563000,IDR,OK
30,194,Pototano,Kayangan,Nusa Tenggara Barat,Kendaraan,15,Golongan IV - Barang,GOL IV B,2026-08-26,00:00,2627160930380736429,30,502000,502000,IDR,OK
30,194,Pototano,Kayangan,Nusa Tenggara Barat,Kendaraan,16,Golongan V - Penumpang,GOL V A,2026-08-26,00:00,2627160930380736429,15,893000,893000,IDR,OK
30,194,Pototano,Kayangan,Nusa Tenggara Barat,Kendaraan,17,Golongan V - Barang,GOL V B,2026-08-26,00:00,2627160930380736429,30,760000,760000,IDR,OK
30,194,Pototano,Kayangan,Nusa Tenggara Barat,Kendaraan,18,Golongan VI - Penumpang,GOL VI A,2026-08-26,00:00,2627160930380736429,0,1307000,1307000,IDR,OK
30,194,Pototano,Kayangan,Nusa Tenggara Barat,Kendaraan,19,Golongan VI - Barang,GOL VI B,2026-08-26,00:00,2627160930380736429,30,1223000,1223000,IDR,OK
30,194,Pototano,Kayangan,Nusa Tenggara Barat,Kendaraan,20,Golongan VII,GOL VII,2026-08-26,00:00,2627160930380736429,10,1869000,1869000,IDR,OK
30,194,Pototano,Kayangan,Nusa Tenggara Barat,Kendaraan,21,Golongan VIII,GOL VIII,2026-08-26,00:00,2627160930380736429,10,2153000,2153000,IDR,OK
30,194,Pototano,Kayangan,Nusa Tenggara Barat,Kendaraan,22,Golongan IX,GOL IX,2026-08-26,00:00,2627160930380736429,10,2265000,2265000,IDR,OK
30,194,Pototano,Kayangan,Nusa Tenggara Barat,Pejalan Kaki,7,Dewasa Ekonomi,DEWASA,2026-08-26,00:00,2627160930380736429,300,18800,18800,IDR,OK
30,194,Pototano,Kayangan,Nusa Tenggara Barat,Pejalan Kaki,9,Bayi Ekonomi,BAYI,2026-08-26,00:00,2627160930380736429,15,5200,5200,IDR,OK
3002,3,Jepara,Karimun Jawa,Jawa Tengah,Kendaraan,11,Golongan I,GOL I,2026-08-26,07:00,2627160930380735046,0,77000,77000,IDR,OK
3002,3,Jepara,Karimun Jawa,Jawa Tengah,Kendaraan,12,Golongan II ,GOL II,2026-08-26,07:00,2627160930380735046,6,125000,125000,IDR,OK
3002,3,Jepara,Karimun Jawa,Jawa Tengah,Kendaraan,13,Golongan III,GOL III,2026-08-26,07:00,2627160930380735046,0,282000,282000,IDR,OK
3002,3,Jepara,Karimun Jawa,Jawa Tengah,Kendaraan,14,Golongan IV - Penumpang,GOL IV A,2026-08-26,07:00,2627160930380735046,3,991000,991000,IDR,OK
3002,3,Jepara,Karimun Jawa,Jawa Tengah,Kendaraan,15,Golongan IV - Barang,GOL IV B,2026-08-26,07:00,2627160930380735046,2,1089000,1089000,IDR,OK
3002,3,Jepara,Karimun Jawa,Jawa Tengah,Kendaraan,16,Golongan V - Penumpang,GOL V A,2026-08-26,07:00,2627160930380735046,0,1796000,1796000,IDR,OK
3002,3,Jepara,Karimun Jawa,Jawa Tengah,Kendaraan,17,Golongan V - Barang,GOL V B,2026-08-26,07:00,2627160930380735046,3,1767000,1767000,IDR,OK
3002,3,Jepara,Karimun Jawa,Jawa Tengah,Kendaraan,18,Golongan VI - Penumpang,GOL VI A,2026-08-26,07:00,2627160930380735046,0,2187000,2187000,IDR,OK
3002,3,Jepara,Karimun Jawa,Jawa Tengah,Kendaraan,19,Golongan VI - Barang,GOL VI B,2026-08-26,07:00,2627160930380735046,0,2538000,2538000,IDR,OK
3002,3,Jepara,Karimun Jawa,Jawa Tengah,Kendaraan,20,Golongan VII,GOL VII,2026-08-26,07:00,2627160930380735046,0,2774000,2774000,IDR,OK
3002,3,Jepara,Karimun Jawa,Jawa Tengah,Kendaraan,21,Golongan VIII,GOL VIII,2026-08-26,07:00,2627160930380735046,0,3350000,3350000,IDR,OK
3002,3,Jepara,Karimun Jawa,Jawa Tengah,Kendaraan,22,Golongan IX,GOL IX,2026-08-26,07:00,2627160930380735046,0,6000000,6000000,IDR,OK
3002,3,Jepara,Karimun Jawa,Jawa Tengah,Pejalan Kaki,5,Dewasa Bisnis I,DEWASA,2026-08-26,07:00,2627160930380735046,0,151000,151000,IDR,OK
3002,3,Jepara,Karimun Jawa,Jawa Tengah,Pejalan Kaki,504,Bayi Bisnis,BAYI,2026-08-26,07:00,2627160930380735046,0,23000,23000,IDR,OK
3002,3,Jepara,Karimun Jawa,Jawa Tengah,Pejalan Kaki,517,Tenaga Kesehatan,DEWASA,2026-08-26,07:00,2627160930380735046,0,15000,15000,IDR,OK
3002,3,Jepara,Karimun Jawa,Jawa Tengah,Pejalan Kaki,7,Dewasa Ekonomi,DEWASA,2026-08-26,07:00,2627160930380735046,47,105000,105000,IDR,OK
3002,3,Jepara,Karimun Jawa,Jawa Tengah,Pejalan Kaki,9,Bayi Ekonomi,BAYI,2026-08-26,07:00,2627160930380735046,10,15000,15000,IDR,OK
3537,35,Tanjung Kalian,Tanjung Api Api,Sumatera Selatan,Kendaraan,11,Golongan I,GOL I,2026-08-26,07:00,2627160930380737591,25,74500,74500,IDR,OK
3537,35,Tanjung Kalian,Tanjung Api Api,Sumatera Selatan,Kendaraan,12,Golongan II ,GOL II,2026-08-26,07:00,2627160930380737591,25,138000,138000,IDR,OK
3537,35,Tanjung Kalian,Tanjung Api Api,Sumatera Selatan,Kendaraan,13,Golongan III,GOL III,2026-08-26,07:00,2627160930380737591,25,231600,231600,IDR,OK
3537,35,Tanjung Kalian,Tanjung Api Api,Sumatera Selatan,Kendaraan,14,Golongan IV - Penumpang,GOL IV A,2026-08-26,07:00,2627160930380737591,25,1051200,1051200,IDR,OK
3537,35,Tanjung Kalian,Tanjung Api Api,Sumatera Selatan,Kendaraan,15,Golongan IV - Barang,GOL IV B,2026-08-26,07:00,2627160930380737591,25,912221,912221,IDR,OK
3537,35,Tanjung Kalian,Tanjung Api Api,Sumatera Selatan,Kendaraan,16,Golongan V - Penumpang,GOL V A,2026-08-26,07:00,2627160930380737591,0,1864200,1864200,IDR,OK
3537,35,Tanjung Kalian,Tanjung Api Api,Sumatera Selatan,Kendaraan,17,Golongan V - Barang,GOL V B,2026-08-26,07:00,2627160930380737591,25,1700200,1700200,IDR,OK
3537,35,Tanjung Kalian,Tanjung Api Api,Sumatera Selatan,Kendaraan,18,Golongan VI - Penumpang,GOL VI A,2026-08-26,07:00,2627160930380737591,0,3045500,3045500,IDR,OK
3537,35,Tanjung Kalian,Tanjung Api Api,Sumatera Selatan,Kendaraan,19,Golongan VI - Barang,GOL VI B,2026-08-26,07:00,2627160930380737591,0,2599200,2599200,IDR,OK
3537,35,Tanjung Kalian,Tanjung Api Api,Sumatera Selatan,Kendaraan,20,Golongan VII,GOL VII,2026-08-26,07:00,2627160930380737591,0,3093500,3093500,IDR,OK
3537,35,Tanjung Kalian,Tanjung Api Api,Sumatera Selatan,Kendaraan,21,Golongan VIII,GOL VIII,2026-08-26,07:00,2627160930380737591,0,4454800,4454800,IDR,OK
3537,35,Tanjung Kalian,Tanjung Api Api,Sumatera Selatan,Kendaraan,22,Golongan IX,GOL IX,2026-08-26,07:00,2627160930380737591,0,6125000,6125000,IDR,OK
3537,35,Tanjung Kalian,Tanjung Api Api,Sumatera Selatan,Pejalan Kaki,7,Dewasa Ekonomi,DEWASA,2026-08-26,07:00,2627160930380737591,250,58100,58100,IDR,OK
3537,35,Tanjung Kalian,Tanjung Api Api,Sumatera Selatan,Pejalan Kaki,9,Bayi Ekonomi,BAYI,2026-08-26,07:00,2627160930380737591,250,4900,4900,IDR,OK
5354,172,Rote,Kupang,Nusa Tenggara Timur,Kendaraan,11,Golongan I,GOL I,2026-08-26,07:00,2627160930380751559,0,72000,72000,IDR,OK
5354,172,Rote,Kupang,Nusa Tenggara Timur,Kendaraan,12,Golongan II ,GOL II,2026-08-26,07:00,2627160930380751559,40,242000,242000,IDR,OK
5354,172,Rote,Kupang,Nusa Tenggara Timur,Kendaraan,13,Golongan III,GOL III,2026-08-26,07:00,2627160930380751559,0,251000,251000,IDR,OK
5354,172,Rote,Kupang,Nusa Tenggara Timur,Kendaraan,14,Golongan IV - Penumpang,GOL IV A,2026-08-26,07:00,2627160930380751559,5,1148000,1148000,IDR,OK
5354,172,Rote,Kupang,Nusa Tenggara Timur,Kendaraan,15,Golongan IV - Barang,GOL IV B,2026-08-26,07:00,2627160930380751559,5,1039000,1039000,IDR,OK
5354,172,Rote,Kupang,Nusa Tenggara Timur,Kendaraan,16,Golongan V - Penumpang,GOL V A,2026-08-26,07:00,2627160930380751559,0,2720000,2720000,IDR,OK
5354,172,Rote,Kupang,Nusa Tenggara Timur,Kendaraan,17,Golongan V - Barang,GOL V B,2026-08-26,07:00,2627160930380751559,10,1831000,1831000,IDR,OK
5354,172,Rote,Kupang,Nusa Tenggara Timur,Kendaraan,18,Golongan VI - Penumpang,GOL VI A,2026-08-26,07:00,2627160930380751559,0,4741000,4741000,IDR,OK
5354,172,Rote,Kupang,Nusa Tenggara Timur,Kendaraan,19,Golongan VI - Barang,GOL VI B,2026-08-26,07:00,2627160930380751559,2,2983000,2983000,IDR,OK
5354,172,Rote,Kupang,Nusa Tenggara Timur,Kendaraan,20,Golongan VII,GOL VII,2026-08-26,07:00,2627160930380751559,0,4057000,4057000,IDR,OK
5354,172,Rote,Kupang,Nusa Tenggara Timur,Kendaraan,21,Golongan VIII,GOL VIII,2026-08-26,07:00,2627160930380751559,0,5531000,5531000,IDR,OK
5354,172,Rote,Kupang,Nusa Tenggara Timur,Kendaraan,22,Golongan IX,GOL IX,2026-08-26,07:00,2627160930380751559,0,13048000,13048000,IDR,OK
5354,172,Rote,Kupang,Nusa Tenggara Timur,Pejalan Kaki,5,Dewasa Bisnis I,DEWASA,2026-08-26,07:00,2627160930380751559,0,87000,87000,IDR,OK
5354,172,Rote,Kupang,Nusa Tenggara Timur,Pejalan Kaki,6,Anak - Anak Bisnis I,ANAK,2026-08-26,07:00,2627160930380751559,0,54000,54000,IDR,OK
5354,172,Rote,Kupang,Nusa Tenggara Timur,Pejalan Kaki,7,Dewasa Ekonomi,DEWASA,2026-08-26,07:00,2627160930380751559,198,66000,66000,IDR,OK
5354,172,Rote,Kupang,Nusa Tenggara Timur,Pejalan Kaki,8,Anak - Anak Ekonomi,ANAK,2026-08-26,07:00,2627160930380751559,20,43000,43000,IDR,OK
5354,172,Rote,Kupang,Nusa Tenggara Timur,Pejalan Kaki,9,Bayi Ekonomi,BAYI,2026-08-26,07:00,2627160930380751559,0,40000,40000,IDR,OK
5484,94,Hunimua,Waipirit,Maluku,Kendaraan,11,Golongan I,GOL I,2026-08-26,05:00,2627160930380753746,0,26990,26990,IDR,OK
5484,94,Hunimua,Waipirit,Maluku,Kendaraan,12,Golongan II ,GOL II,2026-08-26,05:00,2627160930380753746,0,63000,63000,IDR,OK
5484,94,Hunimua,Waipirit,Maluku,Kendaraan,13,Golongan III,GOL III,2026-08-26,05:00,2627160930380753746,0,81510,81510,IDR,OK
5484,94,Hunimua,Waipirit,Maluku,Kendaraan,14,Golongan IV - Penumpang,GOL IV A,2026-08-26,05:00,2627160930380753746,0,303445,303445,IDR,OK
5484,94,Hunimua,Waipirit,Maluku,Kendaraan,15,Golongan IV - Barang,GOL IV B,2026-08-26,05:00,2627160930380753746,0,299959,299959,IDR,OK
5484,94,Hunimua,Waipirit,Maluku,Kendaraan,16,Golongan V - Penumpang,GOL V A,2026-08-26,05:00,2627160930380753746,0,414475,414475,IDR,OK
5484,94,Hunimua,Waipirit,Maluku,Kendaraan,17,Golongan V - Barang,GOL V B,2026-08-26,05:00,2627160930380753746,0,436231,436231,IDR,OK
5484,94,Hunimua,Waipirit,Maluku,Kendaraan,18,Golongan VI - Penumpang,GOL VI A,2026-08-26,05:00,2627160930380753746,0,592150,592150,IDR,OK
5484,94,Hunimua,Waipirit,Maluku,Kendaraan,19,Golongan VI - Barang,GOL VI B,2026-08-26,05:00,2627160930380753746,0,577962,577962,IDR,OK
5484,94,Hunimua,Waipirit,Maluku,Kendaraan,20,Golongan VII,GOL VII,2026-08-26,05:00,2627160930380753746,0,904597,904597,IDR,OK
5484,94,Hunimua,Waipirit,Maluku,Kendaraan,21,Golongan VIII,GOL VIII,2026-08-26,05:00,2627160930380753746,0,1191060,1191060,IDR,OK
5484,94,Hunimua,Waipirit,Maluku,Kendaraan,22,Golongan IX,GOL IX,2026-08-26,05:00,2627160930380753746,0,1824130,1824130,IDR,OK
5484,94,Hunimua,Waipirit,Maluku,Pejalan Kaki,3,Dewasa Eksekutif,DEWASA,2026-08-26,05:00,2627160930380753746,0,58600,58600,IDR,OK
5484,94,Hunimua,Waipirit,Maluku,Pejalan Kaki,5,Dewasa Bisnis I,DEWASA,2026-08-26,05:00,2627160930380753746,0,39600,39600,IDR,OK
5484,94,Hunimua,Waipirit,Maluku,Pejalan Kaki,504,Bayi Bisnis,BAYI,2026-08-26,05:00,2627160930380753746,0,6600,6600,IDR,OK
5484,94,Hunimua,Waipirit,Maluku,Pejalan Kaki,505,Bayi Eksekutif,BAYI,2026-08-26,05:00,2627160930380753746,0,9600,9600,IDR,OK
5484,94,Hunimua,Waipirit,Maluku,Pejalan Kaki,7,Dewasa Ekonomi,DEWASA,2026-08-26,05:00,2627160930380753746,0,27500,27500,IDR,OK
5484,94,Hunimua,Waipirit,Maluku,Pejalan Kaki,9,Bayi Ekonomi,BAYI,2026-08-26,05:00,2627160930380753746,0,2700,2700,IDR,OK
5485,95,Waipirit,Hunimua,Maluku,Kendaraan,11,Golongan I,GOL I,2026-08-26,05:00,2627160930380747738,0,26990,26990,IDR,OK
5485,95,Waipirit,Hunimua,Maluku,Kendaraan,12,Golongan II ,GOL II,2026-08-26,05:00,2627160930380747738,150,63000,63000,IDR,OK
5485,95,Waipirit,Hunimua,Maluku,Kendaraan,13,Golongan III,GOL III,2026-08-26,05:00,2627160930380747738,0,81510,81510,IDR,OK
5485,95,Waipirit,Hunimua,Maluku,Kendaraan,14,Golongan IV - Penumpang,GOL IV A,2026-08-26,05:00,2627160930380747738,15,303445,303445,IDR,OK
5485,95,Waipirit,Hunimua,Maluku,Kendaraan,15,Golongan IV - Barang,GOL IV B,2026-08-26,05:00,2627160930380747738,15,299959,299959,IDR,OK
5485,95,Waipirit,Hunimua,Maluku,Kendaraan,16,Golongan V - Penumpang,GOL V A,2026-08-26,05:00,2627160930380747738,5,414475,414475,IDR,OK
5485,95,Waipirit,Hunimua,Maluku,Kendaraan,17,Golongan V - Barang,GOL V B,2026-08-26,05:00,2627160930380747738,12,436231,436231,IDR,OK
5485,95,Waipirit,Hunimua,Maluku,Kendaraan,18,Golongan VI - Penumpang,GOL VI A,2026-08-26,05:00,2627160930380747738,5,592150,592150,IDR,OK
5485,95,Waipirit,Hunimua,Maluku,Kendaraan,19,Golongan VI - Barang,GOL VI B,2026-08-26,05:00,2627160930380747738,5,577962,577962,IDR,OK
5485,95,Waipirit,Hunimua,Maluku,Kendaraan,20,Golongan VII,GOL VII,2026-08-26,05:00,2627160930380747738,3,904597,904597,IDR,OK
5485,95,Waipirit,Hunimua,Maluku,Kendaraan,21,Golongan VIII,GOL VIII,2026-08-26,05:00,2627160930380747738,3,1191060,1191060,IDR,OK
5485,95,Waipirit,Hunimua,Maluku,Kendaraan,22,Golongan IX,GOL IX,2026-08-26,05:00,2627160930380747738,3,1824130,1824130,IDR,OK
5485,95,Waipirit,Hunimua,Maluku,Pejalan Kaki,3,Dewasa Eksekutif,DEWASA,2026-08-26,05:00,2627160930380747738,0,58600,58600,IDR,OK
5485,95,Waipirit,Hunimua,Maluku,Pejalan Kaki,5,Dewasa Bisnis I,DEWASA,2026-08-26,05:00,2627160930380747738,0,39600,39600,IDR,OK
5485,95,Waipirit,Hunimua,Maluku,Pejalan Kaki,504,Bayi Bisnis,BAYI,2026-08-26,05:00,2627160930380747738,0,6600,6600,IDR,OK
5485,95,Waipirit,Hunimua,Maluku,Pejalan Kaki,505,Bayi Eksekutif,BAYI,2026-08-26,05:00,2627160930380747738,0,9600,9600,IDR,OK
5485,95,Waipirit,Hunimua,Maluku,Pejalan Kaki,7,Dewasa Ekonomi,DEWASA,2026-08-26,05:00,2627160930380747738,150,27500,27500,IDR,OK
5485,95,Waipirit,Hunimua,Maluku,Pejalan Kaki,9,Bayi Ekonomi,BAYI,2026-08-26,05:00,2627160930380747738,5,2700,2700,IDR,OK
5486,88,Galala,Namlea,Maluku,Kendaraan,11,Golongan I,GOL I,2026-08-26,20:00,2627160930380750529,0,69990,69990,IDR,OK
5486,88,Galala,Namlea,Maluku,Kendaraan,12,Golongan II ,GOL II,2026-08-26,20:00,2627160930380750529,0,218435,218435,IDR,OK
5486,88,Galala,Namlea,Maluku,Kendaraan,13,Golongan III,GOL III,2026-08-26,20:00,2627160930380750529,0,202910,202910,IDR,OK
5486,88,Galala,Namlea,Maluku,Kendaraan,14,Golongan IV - Penumpang,GOL IV A,2026-08-26,20:00,2627160930380750529,0,1006779,1006779,IDR,OK
5486,88,Galala,Namlea,Maluku,Kendaraan,15,Golongan IV - Barang,GOL IV B,2026-08-26,20:00,2627160930380750529,0,1042995,1042995,IDR,OK
5486,88,Galala,Namlea,Maluku,Kendaraan,16,Golongan V - Penumpang,GOL V A,2026-08-26,20:00,2627160930380750529,0,1244020,1244020,IDR,OK
5486,88,Galala,Namlea,Maluku,Kendaraan,17,Golongan V - Barang,GOL V B,2026-08-26,20:00,2627160930380750529,0,1515200,1515200,IDR,OK
5486,88,Galala,Namlea,Maluku,Kendaraan,18,Golongan VI - Penumpang,GOL VI A,2026-08-26,20:00,2627160930380750529,0,1773995,1773995,IDR,OK
5486,88,Galala,Namlea,Maluku,Kendaraan,19,Golongan VI - Barang,GOL VI B,2026-08-26,20:00,2627160930380750529,0,1884255,1884255,IDR,OK
5486,88,Galala,Namlea,Maluku,Kendaraan,20,Golongan VII,GOL VII,2026-08-26,20:00,2627160930380750529,0,2466755,2466755,IDR,OK
5486,88,Galala,Namlea,Maluku,Kendaraan,21,Golongan VIII,GOL VIII,2026-08-26,20:00,2627160930380750529,0,2808695,2808695,IDR,OK
5486,88,Galala,Namlea,Maluku,Kendaraan,22,Golongan IX,GOL IX,2026-08-26,20:00,2627160930380750529,0,7588695,7588695,IDR,OK
5486,88,Galala,Namlea,Maluku,Pejalan Kaki,5,Dewasa Bisnis I,DEWASA,2026-08-26,20:00,2627160930380750529,0,163000,163000,IDR,OK
5486,88,Galala,Namlea,Maluku,Pejalan Kaki,504,Bayi Bisnis,BAYI,2026-08-26,20:00,2627160930380750529,0,21000,21000,IDR,OK
5486,88,Galala,Namlea,Maluku,Pejalan Kaki,7,Dewasa Ekonomi,DEWASA,2026-08-26,20:00,2627160930380750529,0,123600,123600,IDR,OK
5486,88,Galala,Namlea,Maluku,Pejalan Kaki,9,Bayi Ekonomi,BAYI,2026-08-26,20:00,2627160930380750529,0,13800,13800,IDR,OK
5487,89,Namlea,Galala,Maluku,Kendaraan,11,Golongan I,GOL I,2026-08-26,20:00,2627160930380750599,0,69990,69990,IDR,OK
5487,89,Namlea,Galala,Maluku,Kendaraan,12,Golongan II ,GOL II,2026-08-26,20:00,2627160930380750599,0,218435,218435,IDR,OK
5487,89,Namlea,Galala,Maluku,Kendaraan,13,Golongan III,GOL III,2026-08-26,20:00,2627160930380750599,0,202910,202910,IDR,OK
5487,89,Namlea,Galala,Maluku,Kendaraan,14,Golongan IV - Penumpang,GOL IV A,2026-08-26,20:00,2627160930380750599,0,1006779,1006779,IDR,OK
5487,89,Namlea,Galala,Maluku,Kendaraan,15,Golongan IV - Barang,GOL IV B,2026-08-26,20:00,2627160930380750599,0,1042995,1042995,IDR,OK
5487,89,Namlea,Galala,Maluku,Kendaraan,16,Golongan V - Penumpang,GOL V A,2026-08-26,20:00,2627160930380750599,0,1244020,1244020,IDR,OK
5487,89,Namlea,Galala,Maluku,Kendaraan,17,Golongan V - Barang,GOL V B,2026-08-26,20:00,2627160930380750599,0,1515200,1515200,IDR,OK
5487,89,Namlea,Galala,Maluku,Kendaraan,18,Golongan VI - Penumpang,GOL VI A,2026-08-26,20:00,2627160930380750599,0,1773995,1773995,IDR,OK
5487,89,Namlea,Galala,Maluku,Kendaraan,19,Golongan VI - Barang,GOL VI B,2026-08-26,20:00,2627160930380750599,0,1884255,1884255,IDR,OK
5487,89,Namlea,Galala,Maluku,Kendaraan,20,Golongan VII,GOL VII,2026-08-26,20:00,2627160930380750599,0,2466755,2466755,IDR,OK
5487,89,Namlea,Galala,Maluku,Kendaraan,21,Golongan VIII,GOL VIII,2026-08-26,20:00,2627160930380750599,0,2808695,2808695,IDR,OK
5487,89,Namlea,Galala,Maluku,Kendaraan,22,Golongan IX,GOL IX,2026-08-26,20:00,2627160930380750599,0,7588695,7588695,IDR,OK
5487,89,Namlea,Galala,Maluku,Pejalan Kaki,5,Dewasa Bisnis I,DEWASA,2026-08-26,20:00,2627160930380750599,0,163000,163000,IDR,OK
5487,89,Namlea,Galala,Maluku,Pejalan Kaki,504,Bayi Bisnis,BAYI,2026-08-26,20:00,2627160930380750599,0,21000,21000,IDR,OK
5487,89,Namlea,Galala,Maluku,Pejalan Kaki,7,Dewasa Ekonomi,DEWASA,2026-08-26,20:00,2627160930380750599,0,123600,123600,IDR,OK
5487,89,Namlea,Galala,Maluku,Pejalan Kaki,9,Bayi Ekonomi,BAYI,2026-08-26,20:00,2627160930380750599,0,13800,13800,IDR,OK
5489,54,Penajam,Kariangau,Kalimantan Timur,Kendaraan,11,Golongan I,GOL I,2026-08-26,00:00,2627160930380725130,100,18690,18690,IDR,OK
5489,54,Penajam,Kariangau,Kalimantan Timur,Kendaraan,12,Golongan II ,GOL II,2026-08-26,00:00,2627160930380725130,100,50300,50300,IDR,OK
5489,54,Penajam,Kariangau,Kalimantan Timur,Kendaraan,13,Golongan III,GOL III,2026-08-26,00:00,2627160930380725130,100,89010,89010,IDR,OK
5489,54,Penajam,Kariangau,Kalimantan Timur,Kendaraan,14,Golongan IV - Penumpang,GOL IV A,2026-08-26,00:00,2627160930380725130,100,325985,325985,IDR,OK
5489,54,Penajam,Kariangau,Kalimantan Timur,Kendaraan,15,Golongan IV - Barang,GOL IV B,2026-08-26,00:00,2627160930380725130,100,291845,291845,IDR,OK
5489,54,Penajam,Kariangau,Kalimantan Timur,Kendaraan,16,Golongan V - Penumpang,GOL V A,2026-08-26,00:00,2627160930380725130,100,609215,609215,IDR,OK
5489,54,Penajam,Kariangau,Kalimantan Timur,Kendaraan,17,Golongan V - Barang,GOL V B,2026-08-26,00:00,2627160930380725130,100,548855,548855,IDR,OK
5489,54,Penajam,Kariangau,Kalimantan Timur,Kendaraan,18,Golongan VI - Penumpang,GOL VI A,2026-08-26,00:00,2627160930380725130,100,895875,895875,IDR,OK
5489,54,Penajam,Kariangau,Kalimantan Timur,Kendaraan,19,Golongan VI - Barang,GOL VI B,2026-08-26,00:00,2627160930380725130,100,876155,876155,IDR,OK
5489,54,Penajam,Kariangau,Kalimantan Timur,Kendaraan,20,Golongan VII,GOL VII,2026-08-26,00:00,2627160930380725130,100,1077305,1077305,IDR,OK
5489,54,Penajam,Kariangau,Kalimantan Timur,Kendaraan,21,Golongan VIII,GOL VIII,2026-08-26,00:00,2627160930380725130,100,1474975,1474975,IDR,OK
5489,54,Penajam,Kariangau,Kalimantan Timur,Kendaraan,22,Golongan IX,GOL IX,2026-08-26,00:00,2627160930380725130,100,1683275,1683275,IDR,OK
5489,54,Penajam,Kariangau,Kalimantan Timur,Kendaraan,514,Golongan BBM 5 TON,GOL V B,2026-08-26,00:00,2627160930380725130,0,1054500,1054500,IDR,OK
5489,54,Penajam,Kariangau,Kalimantan Timur,Kendaraan,515,Golongan BBM 10 TON,GOL VI B,2026-08-26,00:00,2627160930380725130,0,1424500,1424500,IDR,OK
5489,54,Penajam,Kariangau,Kalimantan Timur,Kendaraan,516,Golongan BBM 16 TON,GOL VII B,2026-08-26,00:00,2627160930380725130,0,2097000,2097000,IDR,OK
5489,54,Penajam,Kariangau,Kalimantan Timur,Pejalan Kaki,7,Dewasa Ekonomi,DEWASA,2026-08-26,00:00,2627160930380725130,100,19600,19600,IDR,OK
5489,54,Penajam,Kariangau,Kalimantan Timur,Pejalan Kaki,9,Bayi Ekonomi,BAYI,2026-08-26,00:00,2627160930380725130,100,4900,4900,IDR,OK
5491,19,Telaga Punggur,Tanjung Uban,Kepulauan Riau,Kendaraan,11,Golongan I,GOL I,2026-08-26,06:00,2627160930380737961,5,22000,22000,IDR,OK
5491,19,Telaga Punggur,Tanjung Uban,Kepulauan Riau,Kendaraan,12,Golongan II ,GOL II,2026-08-26,06:00,2627160930380737961,30,51000,51000,IDR,OK
5491,19,Telaga Punggur,Tanjung Uban,Kepulauan Riau,Kendaraan,13,Golongan III,GOL III,2026-08-26,06:00,2627160930380737961,1,216000,216000,IDR,OK
5491,19,Telaga Punggur,Tanjung Uban,Kepulauan Riau,Kendaraan,14,Golongan IV - Penumpang,GOL IV A,2026-08-26,06:00,2627160930380737961,20,309000,309000,IDR,OK
5491,19,Telaga Punggur,Tanjung Uban,Kepulauan Riau,Kendaraan,15,Golongan IV - Barang,GOL IV B,2026-08-26,06:00,2627160930380737961,5,268000,268000,IDR,OK
5491,19,Telaga Punggur,Tanjung Uban,Kepulauan Riau,Kendaraan,16,Golongan V - Penumpang,GOL V A,2026-08-26,06:00,2627160930380737961,0,565000,565000,IDR,OK
5491,19,Telaga Punggur,Tanjung Uban,Kepulauan Riau,Kendaraan,17,Golongan V - Barang,GOL V B,2026-08-26,06:00,2627160930380737961,5,471000,471000,IDR,OK
5491,19,Telaga Punggur,Tanjung Uban,Kepulauan Riau,Kendaraan,18,Golongan VI - Penumpang,GOL VI A,2026-08-26,06:00,2627160930380737961,0,821000,821000,IDR,OK
5491,19,Telaga Punggur,Tanjung Uban,Kepulauan Riau,Kendaraan,19,Golongan VI - Barang,GOL VI B,2026-08-26,06:00,2627160930380737961,1,728000,728000,IDR,OK
5491,19,Telaga Punggur,Tanjung Uban,Kepulauan Riau,Kendaraan,20,Golongan VII,GOL VII,2026-08-26,06:00,2627160930380737961,0,931000,931000,IDR,OK
5491,19,Telaga Punggur,Tanjung Uban,Kepulauan Riau,Kendaraan,21,Golongan VIII,GOL VIII,2026-08-26,06:00,2627160930380737961,0,1371000,1371000,IDR,OK
5491,19,Telaga Punggur,Tanjung Uban,Kepulauan Riau,Kendaraan,22,Golongan IX,GOL IX,2026-08-26,06:00,2627160930380737961,0,2307000,2307000,IDR,OK
5491,19,Telaga Punggur,Tanjung Uban,Kepulauan Riau,Pejalan Kaki,7,Dewasa Ekonomi,DEWASA,2026-08-26,06:00,2627160930380737961,180,27000,27000,IDR,OK
5491,19,Telaga Punggur,Tanjung Uban,Kepulauan Riau,Pejalan Kaki,9,Bayi Ekonomi,BAYI,2026-08-26,06:00,2627160930380737961,10,2000,2000,IDR,OK
5496,19,Telaga Punggur,Mengkapan,Riau,Kendaraan,11,Golongan I,GOL I,2026-08-26,14:00,2627160930380748943,0,155200,155200,IDR,OK
5496,19,Telaga Punggur,Mengkapan,Riau,Kendaraan,12,Golongan II ,GOL II,2026-08-26,14:00,2627160930380748943,22,296900,296900,IDR,OK
5496,19,Telaga Punggur,Mengkapan,Riau,Kendaraan,13,Golongan III,GOL III,2026-08-26,14:00,2627160930380748943,0,524400,524400,IDR,OK
5496,19,Telaga Punggur,Mengkapan,Riau,Kendaraan,14,Golongan IV - Penumpang,GOL IV A,2026-08-26,14:00,2627160930380748943,18,1948700,1948700,IDR,OK
5496,19,Telaga Punggur,Mengkapan,Riau,Kendaraan,15,Golongan IV - Barang,GOL IV B,2026-08-26,14:00,2627160930380748943,10,1782500,1782500,IDR,OK
5496,19,Telaga Punggur,Mengkapan,Riau,Kendaraan,16,Golongan V - Penumpang,GOL V A,2026-08-26,14:00,2627160930380748943,0,3524700,3524700,IDR,OK
5496,19,Telaga Punggur,Mengkapan,Riau,Kendaraan,17,Golongan V - Barang,GOL V B,2026-08-26,14:00,2627160930380748943,20,2974000,2974000,IDR,OK
5496,19,Telaga Punggur,Mengkapan,Riau,Kendaraan,18,Golongan VI - Penumpang,GOL VI A,2026-08-26,14:00,2627160930380748943,0,5511400,5511400,IDR,OK
5496,19,Telaga Punggur,Mengkapan,Riau,Kendaraan,19,Golongan VI - Barang,GOL VI B,2026-08-26,14:00,2627160930380748943,1,4582300,4582300,IDR,OK
5496,19,Telaga Punggur,Mengkapan,Riau,Kendaraan,20,Golongan VII,GOL VII,2026-08-26,14:00,2627160930380748943,0,5674400,5674400,IDR,OK
5496,19,Telaga Punggur,Mengkapan,Riau,Kendaraan,21,Golongan VIII,GOL VIII,2026-08-26,14:00,2627160930380748943,0,8082700,8082700,IDR,OK
5496,19,Telaga Punggur,Mengkapan,Riau,Kendaraan,22,Golongan IX,GOL IX,2026-08-26,14:00,2627160930380748943,0,11678400,11678400,IDR,OK
5496,19,Telaga Punggur,Mengkapan,Riau,Pejalan Kaki,7,Dewasa Ekonomi,DEWASA,2026-08-26,14:00,2627160930380748943,430,134200,134200,IDR,OK
5496,19,Telaga Punggur,Mengkapan,Riau,Pejalan Kaki,9,Bayi Ekonomi,BAYI,2026-08-26,14:00,2627160930380748943,20,13200,13200,IDR,OK
5505,26,Tanjung Uban,Telaga Punggur,Kepulauan Riau,Kendaraan,11,Golongan I,GOL I,2026-08-26,06:00,2627160930380738365,5,22000,22000,IDR,OK
5505,26,Tanjung Uban,Telaga Punggur,Kepulauan Riau,Kendaraan,12,Golongan II ,GOL II,2026-08-26,06:00,2627160930380738365,30,51000,51000,IDR,OK
5505,26,Tanjung Uban,Telaga Punggur,Kepulauan Riau,Kendaraan,13,Golongan III,GOL III,2026-08-26,06:00,2627160930380738365,1,216000,216000,IDR,OK
5505,26,Tanjung Uban,Telaga Punggur,Kepulauan Riau,Kendaraan,14,Golongan IV - Penumpang,GOL IV A,2026-08-26,06:00,2627160930380738365,20,309000,309000,IDR,OK
5505,26,Tanjung Uban,Telaga Punggur,Kepulauan Riau,Kendaraan,15,Golongan IV - Barang,GOL IV B,2026-08-26,06:00,2627160930380738365,5,268000,268000,IDR,OK
5505,26,Tanjung Uban,Telaga Punggur,Kepulauan Riau,Kendaraan,16,Golongan V - Penumpang,GOL V A,2026-08-26,06:00,2627160930380738365,0,565000,565000,IDR,OK
5505,26,Tanjung Uban,Telaga Punggur,Kepulauan Riau,Kendaraan,17,Golongan V - Barang,GOL V B,2026-08-26,06:00,2627160930380738365,5,471000,471000,IDR,OK
5505,26,Tanjung Uban,Telaga Punggur,Kepulauan Riau,Kendaraan,18,Golongan VI - Penumpang,GOL VI A,2026-08-26,06:00,2627160930380738365,0,821000,821000,IDR,OK
5505,26,Tanjung Uban,Telaga Punggur,Kepulauan Riau,Kendaraan,19,Golongan VI - Barang,GOL VI B,2026-08-26,06:00,2627160930380738365,1,728000,728000,IDR,OK
5505,26,Tanjung Uban,Telaga Punggur,Kepulauan Riau,Kendaraan,20,Golongan VII,GOL VII,2026-08-26,06:00,2627160930380738365,0,931000,931000,IDR,OK
5505,26,Tanjung Uban,Telaga Punggur,Kepulauan Riau,Kendaraan,21,Golongan VIII,GOL VIII,2026-08-26,06:00,2627160930380738365,0,1371000,1371000,IDR,OK
5505,26,Tanjung Uban,Telaga Punggur,Kepulauan Riau,Kendaraan,22,Golongan IX,GOL IX,2026-08-26,06:00,2627160930380738365,0,2307000,2307000,IDR,OK
5505,26,Tanjung Uban,Telaga Punggur,Kepulauan Riau,Pejalan Kaki,7,Dewasa Ekonomi,DEWASA,2026-08-26,06:00,2627160930380738365,180,27000,27000,IDR,OK
5505,26,Tanjung Uban,Telaga Punggur,Kepulauan Riau,Pejalan Kaki,9,Bayi Ekonomi,BAYI,2026-08-26,06:00,2627160930380738365,10,2000,2000,IDR,OK
5510,348,Ajibata,Ambarita,Sumatera Utara,Kendaraan,11,Golongan I,GOL I,2026-08-26,07:30,2627160930380753887,5,22300,22300,IDR,OK
5510,348,Ajibata,Ambarita,Sumatera Utara,Kendaraan,12,Golongan II ,GOL II,2026-08-26,07:30,2627160930380753887,5,39900,39900,IDR,OK
5510,348,Ajibata,Ambarita,Sumatera Utara,Kendaraan,13,Golongan III,GOL III,2026-08-26,07:30,2627160930380753887,5,79100,79100,IDR,OK
5510,348,Ajibata,Ambarita,Sumatera Utara,Kendaraan,14,Golongan IV - Penumpang,GOL IV A,2026-08-26,07:30,2627160930380753887,14,232700,232700,IDR,OK
5510,348,Ajibata,Ambarita,Sumatera Utara,Kendaraan,15,Golongan IV - Barang,GOL IV B,2026-08-26,07:30,2627160930380753887,2,187200,187200,IDR,OK
5510,348,Ajibata,Ambarita,Sumatera Utara,Kendaraan,16,Golongan V - Penumpang,GOL V A,2026-08-26,07:30,2627160930380753887,2,422900,422900,IDR,OK
5510,348,Ajibata,Ambarita,Sumatera Utara,Kendaraan,17,Golongan V - Barang,GOL V B,2026-08-26,07:30,2627160930380753887,2,332300,332300,IDR,OK
5510,348,Ajibata,Ambarita,Sumatera Utara,Kendaraan,18,Golongan VI - Penumpang,GOL VI A,2026-08-26,07:30,2627160930380753887,0,684800,684800,IDR,OK
5510,348,Ajibata,Ambarita,Sumatera Utara,Kendaraan,19,Golongan VI - Barang,GOL VI B,2026-08-26,07:30,2627160930380753887,0,540800,540800,IDR,OK
5510,348,Ajibata,Ambarita,Sumatera Utara,Kendaraan,20,Golongan VII,GOL VII,2026-08-26,07:30,2627160930380753887,0,769900,769900,IDR,OK
5510,348,Ajibata,Ambarita,Sumatera Utara,Kendaraan,21,Golongan VIII,GOL VIII,2026-08-26,07:30,2627160930380753887,0,1058200,1058200,IDR,OK
5510,348,Ajibata,Ambarita,Sumatera Utara,Kendaraan,22,Golongan IX,GOL IX,2026-08-26,07:30,2627160930380753887,0,1449200,1449200,IDR,OK
5510,348,Ajibata,Ambarita,Sumatera Utara,Pejalan Kaki,7,Dewasa Ekonomi,DEWASA,2026-08-26,07:30,2627160930380753887,176,16700,16700,IDR,OK
5510,348,Ajibata,Ambarita,Sumatera Utara,Pejalan Kaki,9,Bayi Ekonomi,BAYI,2026-08-26,07:30,2627160930380753887,40,7000,7000,IDR,OK
569570,569,Tanjung Api Api,Tanjung Kalian,Bangka Belitung,Kendaraan,11,Golongan I,GOL I,2026-08-26,07:00,2627160930380748653,15,74500,74500,IDR,OK
569570,569,Tanjung Api Api,Tanjung Kalian,Bangka Belitung,Kendaraan,12,Golongan II ,GOL II,2026-08-26,07:00,2627160930380748653,15,138000,138000,IDR,OK
569570,569,Tanjung Api Api,Tanjung Kalian,Bangka Belitung,Kendaraan,13,Golongan III,GOL III,2026-08-26,07:00,2627160930380748653,15,231600,231600,IDR,OK
569570,569,Tanjung Api Api,Tanjung Kalian,Bangka Belitung,Kendaraan,14,Golongan IV - Penumpang,GOL IV A,2026-08-26,07:00,2627160930380748653,15,1051200,1051200,IDR,OK
569570,569,Tanjung Api Api,Tanjung Kalian,Bangka Belitung,Kendaraan,15,Golongan IV - Barang,GOL IV B,2026-08-26,07:00,2627160930380748653,12,912221,912221,IDR,OK
569570,569,Tanjung Api Api,Tanjung Kalian,Bangka Belitung,Kendaraan,16,Golongan V - Penumpang,GOL V A,2026-08-26,07:00,2627160930380748653,2,1864200,1864200,IDR,OK
569570,569,Tanjung Api Api,Tanjung Kalian,Bangka Belitung,Kendaraan,17,Golongan V - Barang,GOL V B,2026-08-26,07:00,2627160930380748653,12,1700200,1700200,IDR,OK
569570,569,Tanjung Api Api,Tanjung Kalian,Bangka Belitung,Kendaraan,18,Golongan VI - Penumpang,GOL VI A,2026-08-26,07:00,2627160930380748653,2,3045500,3045500,IDR,OK
569570,569,Tanjung Api Api,Tanjung Kalian,Bangka Belitung,Kendaraan,19,Golongan VI - Barang,GOL VI B,2026-08-26,07:00,2627160930380748653,2,2599200,2599200,IDR,OK
569570,569,Tanjung Api Api,Tanjung Kalian,Bangka Belitung,Kendaraan,20,Golongan VII,GOL VII,2026-08-26,07:00,2627160930380748653,2,3093500,3093500,IDR,OK
569570,569,Tanjung Api Api,Tanjung Kalian,Bangka Belitung,Kendaraan,21,Golongan VIII,GOL VIII,2026-08-26,07:00,2627160930380748653,2,4454800,4454800,IDR,OK
569570,569,Tanjung Api Api,Tanjung Kalian,Bangka Belitung,Kendaraan,22,Golongan IX,GOL IX,2026-08-26,07:00,2627160930380748653,0,6125000,6125000,IDR,OK
569570,569,Tanjung Api Api,Tanjung Kalian,Bangka Belitung,Pejalan Kaki,7,Dewasa Ekonomi,DEWASA,2026-08-26,07:00,2627160930380748653,175,58100,58100,IDR,OK
569570,569,Tanjung Api Api,Tanjung Kalian,Bangka Belitung,Pejalan Kaki,9,Bayi Ekonomi,BAYI,2026-08-26,07:00,2627160930380748653,15,7400,7400,IDR,OK
8384,83,Batulicin,Tanjung Serdang,Kalimantan Selatan,Kendaraan,11,Golongan I,GOL I,2026-08-26,00:00,2627160930380749620,0,15600,15600,IDR,OK
8384,83,Batulicin,Tanjung Serdang,Kalimantan Selatan,Kendaraan,12,Golongan II ,GOL II,2026-08-26,00:00,2627160930380749620,0,31000,31000,IDR,OK
8384,83,Batulicin,Tanjung Serdang,Kalimantan Selatan,Kendaraan,13,Golongan III,GOL III,2026-08-26,00:00,2627160930380749620,0,88000,88000,IDR,OK
8384,83,Batulicin,Tanjung Serdang,Kalimantan Selatan,Kendaraan,14,Golongan IV - Penumpang,GOL IV A,2026-08-26,00:00,2627160930380749620,0,205000,205000,IDR,OK
8384,83,Batulicin,Tanjung Serdang,Kalimantan Selatan,Kendaraan,15,Golongan IV - Barang,GOL IV B,2026-08-26,00:00,2627160930380749620,0,187000,187000,IDR,OK
8384,83,Batulicin,Tanjung Serdang,Kalimantan Selatan,Kendaraan,16,Golongan V - Penumpang,GOL V A,2026-08-26,00:00,2627160930380749620,0,345000,345000,IDR,OK
8384,83,Batulicin,Tanjung Serdang,Kalimantan Selatan,Kendaraan,17,Golongan V - Barang,GOL V B,2026-08-26,00:00,2627160930380749620,0,315000,315000,IDR,OK
8384,83,Batulicin,Tanjung Serdang,Kalimantan Selatan,Kendaraan,18,Golongan VI - Penumpang,GOL VI A,2026-08-26,00:00,2627160930380749620,0,560000,560000,IDR,OK
8384,83,Batulicin,Tanjung Serdang,Kalimantan Selatan,Kendaraan,19,Golongan VI - Barang,GOL VI B,2026-08-26,00:00,2627160930380749620,0,555000,555000,IDR,OK
8384,83,Batulicin,Tanjung Serdang,Kalimantan Selatan,Kendaraan,20,Golongan VII,GOL VII,2026-08-26,00:00,2627160930380749620,0,705000,705000,IDR,OK
8384,83,Batulicin,Tanjung Serdang,Kalimantan Selatan,Kendaraan,21,Golongan VIII,GOL VIII,2026-08-26,00:00,2627160930380749620,0,1090000,1090000,IDR,OK
8384,83,Batulicin,Tanjung Serdang,Kalimantan Selatan,Kendaraan,22,Golongan IX,GOL IX,2026-08-26,00:00,2627160930380749620,0,3075000,3075000,IDR,OK
8384,83,Batulicin,Tanjung Serdang,Kalimantan Selatan,Pejalan Kaki,7,Dewasa Ekonomi,DEWASA,2026-08-26,00:00,2627160930380749620,0,11000,11000,IDR,OK
8384,83,Batulicin,Tanjung Serdang,Kalimantan Selatan,Pejalan Kaki,9,Bayi Ekonomi,BAYI,2026-08-26,00:00,2627160930380749620,0,1500,1500,IDR,OK
8483,84,Tanjung Serdang,Batulicin,Kalimantan Selatan,Kendaraan,11,Golongan I,GOL I,2026-08-26,00:00,2627160930380750364,0,15600,15600,IDR,OK
8483,84,Tanjung Serdang,Batulicin,Kalimantan Selatan,Kendaraan,12,Golongan II ,GOL II,2026-08-26,00:00,2627160930380750364,0,31000,31000,IDR,OK
8483,84,Tanjung Serdang,Batulicin,Kalimantan Selatan,Kendaraan,13,Golongan III,GOL III,2026-08-26,00:00,2627160930380750364,0,88000,88000,IDR,OK
8483,84,Tanjung Serdang,Batulicin,Kalimantan Selatan,Kendaraan,14,Golongan IV - Penumpang,GOL IV A,2026-08-26,00:00,2627160930380750364,0,205000,205000,IDR,OK
8483,84,Tanjung Serdang,Batulicin,Kalimantan Selatan,Kendaraan,15,Golongan IV - Barang,GOL IV B,2026-08-26,00:00,2627160930380750364,0,187000,187000,IDR,OK
8483,84,Tanjung Serdang,Batulicin,Kalimantan Selatan,Kendaraan,16,Golongan V - Penumpang,GOL V A,2026-08-26,00:00,2627160930380750364,0,345000,345000,IDR,OK
8483,84,Tanjung Serdang,Batulicin,Kalimantan Selatan,Kendaraan,17,Golongan V - Barang,GOL V B,2026-08-26,00:00,2627160930380750364,0,315000,315000,IDR,OK
8483,84,Tanjung Serdang,Batulicin,Kalimantan Selatan,Kendaraan,18,Golongan VI - Penumpang,GOL VI A,2026-08-26,00:00,2627160930380750364,0,560000,560000,IDR,OK
8483,84,Tanjung Serdang,Batulicin,Kalimantan Selatan,Kendaraan,19,Golongan VI - Barang,GOL VI B,2026-08-26,00:00,2627160930380750364,0,555000,555000,IDR,OK
8483,84,Tanjung Serdang,Batulicin,Kalimantan Selatan,Kendaraan,20,Golongan VII,GOL VII,2026-08-26,00:00,2627160930380750364,0,705000,705000,IDR,OK
8483,84,Tanjung Serdang,Batulicin,Kalimantan Selatan,Kendaraan,21,Golongan VIII,GOL VIII,2026-08-26,00:00,2627160930380750364,0,1090000,1090000,IDR,OK
8483,84,Tanjung Serdang,Batulicin,Kalimantan Selatan,Kendaraan,22,Golongan IX,GOL IX,2026-08-26,00:00,2627160930380750364,0,3075000,3075000,IDR,OK
8483,84,Tanjung Serdang,Batulicin,Kalimantan Selatan,Pejalan Kaki,7,Dewasa Ekonomi,DEWASA,2026-08-26,00:00,2627160930380750364,0,11000,11000,IDR,OK
8483,84,Tanjung Serdang,Batulicin,Kalimantan Selatan,Pejalan Kaki,9,Bayi Ekonomi,BAYI,2026-08-26,00:00,2627160930380750364,0,1500,1500,IDR,OK
